startup_name,sector,sub_vertical,city,investor,round_type,funding_usd,deal_date,deal_year,deal_month,sector_clean,round_clean,city_clean,sector_final,sector_clean_old
Housejoy,EdTech,K12,Mumbai,Lightspeed India,Seed,199000,2023-04-19,2023,4,Edtech,Seed/Angel,Mumbai,Edtech,Edtech
Groww,Media,Streaming,Bengaluru,IFC,Seed,1668000,2025-01-28,2025,1,Other,Seed/Angel,Bengaluru,Other,Other
Groww,Mobility,Ride Sharing,Hyderabad,"Nexus Venture Partners, Peak XV",Series B,38052000,2021-03-14,2021,3,EV/Cleantech,Series B,Hyderabad,EV/Cleantech,EV/Cleantech
FarmBox,Consumer Electronics,Wearables,Gurugram,"Kalaari Capital, Y Combinator",Seed,455000,2023-09-11,2023,9,Other,Seed/Angel,Delhi/NCR,Other,Other
Udaan,RealEstate,Rental Tech,Mumbai,Bessemer Venture Partners,Seed,89000,2024-01-31,2024,1,Proptech,Seed/Angel,Mumbai,Proptech,Proptech
AeroStack,EdTech,Coding Bootcamp,Delhi,"Matrix Partners India, Peak XV",Pre-Series A,143000,2021-07-24,2021,7,Edtech,Seed/Angel,Delhi/NCR,Edtech,Edtech
Ola,Retail,Fashion,Mumbai,Tiger Global Management,Seed,62000,2023-01-12,2023,1,Ecommerce/D2C,Seed/Angel,Mumbai,Ecommerce/D2C,Ecommerce/D2C
FinSpace,Consumer Electronics,Wearables,Gurugram,Blume Ventures,Growth,491721000,2025-01-22,2025,1,Other,Late Stage,Delhi/NCR,Other,Other
Rapido,FoodTech,Food Delivery,Kolkata,"A91 Partners, Kedaara Capital, Tiger Global Management",Seed,459000,2023-11-27,2023,11,Foodtech,Seed/Angel,Kolkata,Foodtech,Foodtech
HyperLoop,EdTech,Test Prep,Ahmedabad,"Mirae Asset, SoftBank Vision Fund, Tiger Global",Series B,35610000,2020-05-04,2020,5,Edtech,Series B,Ahmedabad,Edtech,Edtech
NextSense_10,Mobility,Ride Sharing,Delhi,"IFC, Kalaari Capital, Peak XV",Seed,54000,2020-05-19,2020,5,EV/Cleantech,Seed/Angel,Delhi/NCR,EV/Cleantech,EV/Cleantech
LogiMart,FinTech,NeoBank,Mumbai,"Falcon Edge, Peak XV",Pre-Series A,933000,2023-04-10,2023,4,Fintech,Seed/Angel,Mumbai,Fintech,Fintech
CoreFlow,SaaS,DevTools,Hyderabad,"Elevation Capital, SoftBank Vision Fund, Ventures India",Pre-Series A,680000,2023-10-07,2023,10,SaaS/Enterprise,Seed/Angel,Hyderabad,SaaS/Enterprise,SaaS/Enterprise
Groww,FinTech,InsurTech,Ahmedabad,Falcon Edge,Debt,374000,2020-07-23,2020,7,Fintech,Debt,Ahmedabad,Fintech,Fintech
ClearDekho,Logistics,Last Mile,Pune,Y Combinator,Private Equity,151993000,2024-12-05,2024,12,Logistics,Late Stage,Pune,Logistics,Logistics
NextSense,Mobility,Micro Mobility,Hyderabad,"A91 Partners, Falcon Edge, Prosus Ventures",Series A,1643000,2024-07-10,2024,7,EV/Cleantech,Series A,Hyderabad,EV/Cleantech,EV/Cleantech
Zomato,HealthTech,Pharmacy,Mumbai,"Blume Ventures, Elevation Capital",Private Equity,201485000,2024-02-29,2024,2,Healthtech,Late Stage,Mumbai,Healthtech,Healthtech
FarmTech,EdTech,UpSkilling,Noida,Accel,Series A,4142000,2025-01-28,2025,1,Edtech,Series A,Delhi/NCR,Edtech,Edtech
Innovaccer,Enterprise,Security,Bengaluru,Ribbit Capital,Pre-Seed,54000,2024-04-28,2024,4,SaaS/Enterprise,Seed/Angel,Bengaluru,SaaS/Enterprise,SaaS/Enterprise
CureFit,HealthTech,Health Analytics,Noida,Accel,Series B,11211000,2023-02-22,2023,2,Healthtech,Series B,Delhi/NCR,Healthtech,Healthtech
WorkPay,Enterprise,Security,Ahmedabad,Tiger Global,Series A,5243000,2022-05-30,2022,5,SaaS/Enterprise,Series A,Ahmedabad,SaaS/Enterprise,SaaS/Enterprise
Mobikwik,Retail,E-Retail,Pune,"Accel, Bessemer Venture Partners, IFC",Seed,84000,2021-05-26,2021,5,Ecommerce/D2C,Seed/Angel,Pune,Ecommerce/D2C,Ecommerce/D2C
Freshworks,AgriTech,Marketplace,Delhi,Tiger Global Management,Angel,12000,2021-04-29,2021,4,Agritech,Seed/Angel,Delhi/NCR,Agritech,Agritech
EduTech,FinTech,Lending,Pune,"IFC, Matrix Partners India, Zodius Capital",Series C,53939000,2022-04-23,2022,4,Fintech,Series C,Pune,Fintech,Fintech
AeroStack,FinTech,InsurTech,Gurugram,"Y Combinator, Zodius Capital",Seed,269000,2025-02-23,2025,2,Fintech,Seed/Angel,Delhi/NCR,Fintech,Fintech
HomeFoods,RealEstate,PropTech,Chennai,Tiger Global Management,Seed,905000,2024-11-05,2024,11,Proptech,Seed/Angel,Chennai,Proptech,Proptech
QuantumSolutions,Mobility,EV,Noida,IFC,Seed,104000,2020-02-26,2020,2,EV/Cleantech,Seed/Angel,Delhi/NCR,EV/Cleantech,EV/Cleantech
Swiggy,HealthTech,Pharmacy,Bengaluru,Kedaara Capital,Seed,333000,2022-06-08,2022,6,Healthtech,Seed/Angel,Bengaluru,Healthtech,Healthtech
HyperLabs,Mobility,Ride Sharing,Chennai,Tiger Global,Angel,29000,2021-01-24,2021,1,EV/Cleantech,Seed/Angel,Chennai,EV/Cleantech,EV/Cleantech
DriveEdge_29,Retail,Fashion,Gurugram,"LCatterton, Prosus Ventures, Ribbit Capital",Pre-Series A,111000,2020-05-23,2020,5,Ecommerce/D2C,Seed/Angel,Delhi/NCR,Ecommerce/D2C,Ecommerce/D2C
NeoTech,Logistics,Fleet Management,Hyderabad,"A91 Partners, Kedaara Capital",Series B,26948000,2021-10-30,2021,10,Logistics,Series B,Hyderabad,Logistics,Logistics
CloudLabs,FoodTech,Grocery,Delhi,"A91 Partners, Sequoia Capital India",Series A,1587000,2021-09-08,2021,9,Foodtech,Series A,Delhi/NCR,Foodtech,Foodtech
SmartTech,Retail,Fashion,Ahmedabad,"Info Edge, Lightspeed India",Series B,5988000,2022-08-10,2022,8,Ecommerce/D2C,Series B,Ahmedabad,Ecommerce/D2C,Ecommerce/D2C
FarmBox,Retail,Fashion,Delhi,"Prosus Ventures, Ribbit Capital",Series B,69429000,2021-08-04,2021,8,Ecommerce/D2C,Series B,Delhi/NCR,Ecommerce/D2C,Ecommerce/D2C
Bounce,Enterprise,Analytics,Hyderabad,Sequoia Capital India,Seed,1762000,2021-02-11,2021,2,SaaS/Enterprise,Seed/Angel,Hyderabad,SaaS/Enterprise,SaaS/Enterprise
HomeMart,AgriTech,Supply Chain,Kolkata,"Kedaara Capital, Lightspeed India",Pre-Series A,643000,2023-07-13,2023,7,Agritech,Seed/Angel,Kolkata,Agritech,Agritech
NimbusLabs,HealthTech,Telemedicine,Mumbai,Bessemer Venture Partners,Series C,45633000,2021-03-24,2021,3,Healthtech,Series C,Mumbai,Healthtech,Healthtech
SmartMart_37,EdTech,Test Prep,Kolkata,"A91 Partners, Falcon Edge, SoftBank Vision Fund",Seed,72000,2022-08-09,2022,8,Edtech,Seed/Angel,Kolkata,Edtech,Edtech
Ola,AgriTech,Marketplace,Noida,"Blume Ventures, Info Edge",Pre-Series A,483000,2025-01-31,2025,1,Agritech,Seed/Angel,Delhi/NCR,Agritech,Agritech
FarmBox,Retail,E-Retail,Hyderabad,"Elevation Capital, Ribbit Capital",Series C,65870000,2022-12-03,2022,12,Ecommerce/D2C,Series C,Hyderabad,Ecommerce/D2C,Ecommerce/D2C
Dunzo,Media,Content,Gurugram,"Accel, Nexus Venture Partners",Seed,78000,2021-10-16,2021,10,Other,Seed/Angel,Delhi/NCR,Other,Other
AeroHub,Media,Social,Mumbai,"Mirae Asset, Tiger Global",Pre-Series A,313000,2021-11-08,2021,11,Other,Seed/Angel,Mumbai,Other,Other
QuantumDrive,Retail,Fashion,Bengaluru,"Sequoia Capital India, Y Combinator",Series D,54120000,2024-04-16,2024,4,Ecommerce/D2C,Late Stage,Bengaluru,Ecommerce/D2C,Ecommerce/D2C
AgriFit,FoodTech,Food Delivery,Noida,"LCatterton, Mirae Asset",Series B,62216000,2023-01-23,2023,1,Foodtech,Series B,Delhi/NCR,Foodtech,Foodtech
SkillFlow,FinTech,InsurTech,Pune,"Kedaara Capital, Zodius Capital",Series B,10246000,2024-06-22,2024,6,Fintech,Series B,Pune,Fintech,Fintech
FreshSolutions,Mobility,Ride Sharing,Chennai,Accel,Series A,6014000,2023-09-19,2023,9,EV/Cleantech,Series A,Chennai,EV/Cleantech,EV/Cleantech
DriveLoop,Consumer Electronics,Audio,Bengaluru,Info Edge,Seed,158000,2021-11-01,2021,11,Other,Seed/Angel,Bengaluru,Other,Other
BlueSpace,FoodTech,Food Delivery,Chennai,"A91 Partners, Sequoia Capital India",Seed,341000,2020-06-16,2020,6,Foodtech,Seed/Angel,Chennai,Foodtech,Foodtech
NextFlow,E-commerce,Quick Commerce,Bengaluru,Ribbit Capital,Bridge,376000,2021-02-12,2021,2,Ecommerce/D2C,Undisclosed,Bengaluru,Ecommerce/D2C,Ecommerce/D2C
MediWorks,RealEstate,PropTech,Ahmedabad,"Matrix Partners India, Omidyar Network, Y Combinator",Bridge,99000,2022-08-10,2022,8,Proptech,Undisclosed,Ahmedabad,Proptech,Proptech
Porter,Retail,E-Retail,Hyderabad,A91 Partners,Seed,1788000,2020-02-22,2020,2,Ecommerce/D2C,Seed/Angel,Hyderabad,Ecommerce/D2C,Ecommerce/D2C
UrbanSolutions,Media,Social,Mumbai,"Elevation Capital, Kedaara Capital, Matrix Partners India",Series A,8159000,2024-08-28,2024,8,Other,Series A,Mumbai,Other,Other
Housejoy,Retail,Fashion,Bengaluru,"Falcon Edge, SoftBank Vision Fund, Y Combinator",Seed,1600000,2022-05-27,2022,5,Ecommerce/D2C,Seed/Angel,Bengaluru,Ecommerce/D2C,Ecommerce/D2C
QuantumDrive,E-commerce,Fashion,Pune,"Info Edge, Kedaara Capital",Series B,59765000,2024-08-24,2024,8,Ecommerce/D2C,Series B,Pune,Ecommerce/D2C,Ecommerce/D2C
SkillFlow,Mobility,EV,Kolkata,"IFC, Matrix Partners India",Series A,5049000,2024-02-06,2024,2,EV/Cleantech,Series A,Kolkata,EV/Cleantech,EV/Cleantech
Unacademy,Logistics,Supply Chain,Gurugram,"Prosus Ventures, SoftBank Vision Fund",Series C,242794000,2023-03-13,2023,3,Logistics,Series C,Delhi/NCR,Logistics,Logistics
NimbusLabs,HealthTech,Health Analytics,Gurugram,Elevation Capital,Pre-Series A,123000,2021-06-13,2021,6,Healthtech,Seed/Angel,Delhi/NCR,Healthtech,Healthtech
SkillSolutions,Mobility,Ride Sharing,Mumbai,"A91 Partners, Matrix Partners India",Seed,103000,2022-04-12,2022,4,EV/Cleantech,Seed/Angel,Mumbai,EV/Cleantech,EV/Cleantech
FarmBox,Consumer Electronics,Wearables,Bengaluru,"Elevation Capital, Prosus Ventures",Seed,59000,2021-03-29,2021,3,Other,Seed/Angel,Bengaluru,Other,Other
Nykaa,Consumer Electronics,Smart Home,Noida,"Kedaara Capital, SoftBank Vision Fund",Seed,166000,2024-03-07,2024,3,E-Commerce,Seed/Angel,Delhi/NCR,E-Commerce,Other
SkillFlow,EdTech,Test Prep,Gurugram,"Peak XV, Prosus Ventures",Seed,210000,2024-03-01,2024,3,Edtech,Seed/Angel,Delhi/NCR,Edtech,Edtech
CloudLabs,Consumer Electronics,Wearables,Ahmedabad,"Accel, Elevation Capital",Bridge,136000,2022-12-10,2022,12,SaaS,Undisclosed,Ahmedabad,SaaS,Other
CloudLabs,SaaS,DevTools,Hyderabad,Elevation Capital,Pre-Seed,135000,2022-12-29,2022,12,SaaS/Enterprise,Seed/Angel,Hyderabad,SaaS/Enterprise,SaaS/Enterprise
Udaan,Mobility,EV,Delhi,"Accel, Sequoia Capital India",Series B,13444000,2024-03-21,2024,3,EV/Cleantech,Series B,Delhi/NCR,EV/Cleantech,EV/Cleantech
HealthAnalytics,Consumer Electronics,Wearables,Delhi,"Accel, Tiger Global",Bridge,141000,2021-06-01,2021,6,Healthcare,Undisclosed,Delhi/NCR,Healthcare,Other
NeoLabs_65,RealEstate,Rental Tech,Bengaluru,"Accel, Peak XV",Seed,370000,2024-07-19,2024,7,Proptech,Seed/Angel,Bengaluru,Proptech,Proptech
LogiMart,Retail,Grocery,Ahmedabad,Bessemer Venture Partners,Series A,1465000,2023-06-20,2023,6,Ecommerce/D2C,Series A,Ahmedabad,Ecommerce/D2C,Ecommerce/D2C
QuantumAnalytics,Consumer Electronics,Wearables,Ahmedabad,"Omidyar Network, Ribbit Capital",Debt,14625000,2021-09-17,2021,9,Other,Debt,Ahmedabad,Other,Other
Practo,Retail,E-Retail,Gurugram,Matrix Partners India,Seed,66000,2020-06-15,2020,6,Ecommerce/D2C,Seed/Angel,Delhi/NCR,Ecommerce/D2C,Ecommerce/D2C
Dunzo,HealthTech,Telemedicine,Chennai,"Elevation Capital, Matrix Partners India",Series A,14477000,2023-05-01,2023,5,Healthtech,Series A,Chennai,Healthtech,Healthtech
HealthAnalytics,Consumer Electronics,Audio,Gurugram,"Bessemer Venture Partners, Lightspeed India, Omidyar Network",Angel,51000,2024-06-01,2024,6,Healthcare,Seed/Angel,Delhi/NCR,Healthcare,Other
Porter,Mobility,Ride Sharing,Delhi,Tiger Global,Angel,9000,2024-08-19,2024,8,EV/Cleantech,Seed/Angel,Delhi/NCR,EV/Cleantech,EV/Cleantech
Dream11,Retail,Grocery,Ahmedabad,Info Edge,Series B,5077000,2023-03-11,2023,3,Ecommerce/D2C,Series B,Ahmedabad,Ecommerce/D2C,Ecommerce/D2C
InMobi,Media,Content,Chennai,"Accel, Mirae Asset",Bridge,1012000,2022-10-21,2022,10,Other,Undisclosed,Chennai,Other,Other
Razorpay,FoodTech,Grocery,Pune,Lightspeed India,Series A,6782000,2020-02-22,2020,2,Foodtech,Series A,Pune,Foodtech,Foodtech
DataAnalytics,RealEstate,Home Services,Ahmedabad,Mirae Asset,Pre-Seed,107000,2024-03-28,2024,3,Proptech,Seed/Angel,Ahmedabad,Proptech,Proptech
Ola,Logistics,Last Mile,Ahmedabad,"Mirae Asset, Tiger Global Management",Series A,8074000,2024-07-25,2024,7,Logistics,Series A,Ahmedabad,Logistics,Logistics
Freshworks,SaaS,HRTech,Mumbai,"Elevation Capital, Kedaara Capital",Series D,59295000,2021-11-06,2021,11,SaaS/Enterprise,Late Stage,Mumbai,SaaS/Enterprise,SaaS/Enterprise
FoodFit,Mobility,Ride Sharing,Kolkata,Nexus Venture Partners,Seed,188000,2021-05-31,2021,5,EV/Cleantech,Seed/Angel,Kolkata,EV/Cleantech,EV/Cleantech
CoreConnect,Enterprise,Analytics,Noida,Falcon Edge,Series A,1369000,2020-04-21,2020,4,SaaS/Enterprise,Series A,Delhi/NCR,SaaS/Enterprise,SaaS/Enterprise
Chargebee,RealEstate,Home Services,Bengaluru,Peak XV,Seed,1207000,2023-01-29,2023,1,Proptech,Seed/Angel,Bengaluru,Proptech,Proptech
Dailyhunt,Media,Content,Mumbai,"Bessemer Venture Partners, Kedaara Capital",Pre-Seed,84000,2023-07-14,2023,7,AI,Seed/Angel,Mumbai,AI,Other
FreshTech,Mobility,EV,Mumbai,Info Edge,Seed,169000,2024-09-19,2024,9,EV/Cleantech,Seed/Angel,Mumbai,EV/Cleantech,EV/Cleantech
Housejoy,RealEstate,PropTech,Kolkata,"Kalaari Capital, Kedaara Capital",Angel,6000,2021-08-20,2021,8,Proptech,Seed/Angel,Kolkata,Proptech,Proptech
AgriHive,EdTech,Coding Bootcamp,Noida,"Falcon Edge, IFC",Seed,157000,2021-01-25,2021,1,Edtech,Seed/Angel,Delhi/NCR,Edtech,Edtech
CRED,Logistics,Supply Chain,Pune,Zodius Capital,Angel,13000,2022-11-05,2022,11,Logistics,Seed/Angel,Pune,Logistics,Logistics
HealthAnalytics,Enterprise,Automation,Ahmedabad,Info Edge,Debt,9315000,2022-09-29,2022,9,SaaS/Enterprise,Debt,Ahmedabad,SaaS/Enterprise,SaaS/Enterprise
AgriHive,Mobility,Micro Mobility,Chennai,Tiger Global Management,Series A,5621000,2021-10-21,2021,10,EV/Cleantech,Series A,Chennai,EV/Cleantech,EV/Cleantech
MediWorks,EdTech,Coding Bootcamp,Bengaluru,"LCatterton, Tiger Global Management, Y Combinator",Seed,1319000,2022-08-26,2022,8,Edtech,Seed/Angel,Bengaluru,Edtech,Edtech
WorkPay,FinTech,Lending,Noida,IFC,Bridge,285000,2021-11-10,2021,11,Fintech,Undisclosed,Delhi/NCR,Fintech,Fintech
Dailyhunt,E-commerce,Grocery,Kolkata,"IFC, Tiger Global Management",Pre-Seed,26000,2020-10-22,2020,10,Ecommerce/D2C,Seed/Angel,Kolkata,Ecommerce/D2C,Ecommerce/D2C
Dunzo,Consumer Electronics,Wearables,Pune,"Accel, Prosus Ventures, SoftBank Vision Fund",Series A,6900000,2022-03-25,2022,3,Other,Series A,Pune,Other,Other
QuantumAnalytics,RealEstate,Rental Tech,Kolkata,"Ribbit Capital, Tiger Global",Growth,372329000,2020-03-14,2020,3,Proptech,Late Stage,Kolkata,Proptech,Proptech
SmartTech,Media,Social,Chennai,"Accel, Blume Ventures, Kedaara Capital",Bridge,396000,2024-04-06,2024,4,Other,Undisclosed,Chennai,Other,Other
Delhivery,FinTech,Payments,Pune,Y Combinator,Series C,161346000,2021-08-23,2021,8,Fintech,Series C,Pune,Fintech,Fintech
GreenConnect,FoodTech,Grocery,Delhi,"IFC, Ribbit Capital",Seed,309000,2020-06-10,2020,6,Foodtech,Seed/Angel,Delhi/NCR,Foodtech,Foodtech
MediWorks,AgriTech,Supply Chain,Gurugram,"Matrix Partners India, Sequoia Capital India",Series A,4119000,2021-06-04,2021,6,Agritech,Series A,Delhi/NCR,Agritech,Agritech
InMobi,Logistics,Fleet Management,Noida,Tiger Global Management,Seed,242000,2022-06-23,2022,6,Logistics,Seed/Angel,Delhi/NCR,Logistics,Logistics
Delhivery,RealEstate,Home Services,Hyderabad,Tiger Global Management,Series A,1071000,2021-09-10,2021,9,Proptech,Series A,Hyderabad,Proptech,Proptech
AgriHive,FoodTech,Grocery,Pune,Sequoia Capital India,Series A,1339000,2023-12-03,2023,12,Foodtech,Series A,Pune,Foodtech,Foodtech
AutoMart,AgriTech,Marketplace,Bengaluru,"LCatterton, Zodius Capital",Angel,5000,2024-03-06,2024,3,Agritech,Seed/Angel,Bengaluru,Agritech,Agritech
HomeFoods,SaaS,DevTools,Gurugram,"Nexus Venture Partners, Prosus Ventures, Ventures India",Series A,5604000,2023-10-20,2023,10,SaaS/Enterprise,Series A,Delhi/NCR,SaaS/Enterprise,SaaS/Enterprise
Wakefit,RealEstate,Rental Tech,Bengaluru,Omidyar Network,Seed,159000,2022-06-21,2022,6,Proptech,Seed/Angel,Bengaluru,Proptech,Proptech
LogiSense,Logistics,Supply Chain,Chennai,"IFC, Y Combinator",Seed,326000,2020-09-27,2020,9,Logistics,Seed/Angel,Chennai,Logistics,Logistics
AeroAnalytics,Enterprise,Analytics,Hyderabad,"Elevation Capital, Tiger Global Management",Angel,76000,2025-04-17,2025,4,SaaS/Enterprise,Seed/Angel,Hyderabad,SaaS/Enterprise,SaaS/Enterprise
BlueSpace,Consumer Electronics,Audio,Delhi,"Kedaara Capital, Tiger Global Management",Series C,39284000,2021-04-07,2021,4,Other,Series C,Delhi/NCR,Other,Other
Mobikwik,E-commerce,Fashion,Bengaluru,"Ventures India, Y Combinator",Seed,227000,2020-09-10,2020,9,Ecommerce/D2C,Seed/Angel,Bengaluru,Ecommerce/D2C,Ecommerce/D2C
CureFit,AgriTech,Smart Farming,Pune,"IFC, Sequoia Capital India",Seed,812000,2021-04-23,2021,4,Agritech,Seed/Angel,Pune,Agritech,Agritech
NeoSense,EdTech,Test Prep,Kolkata,"Kalaari Capital, Nexus Venture Partners, Peak XV",Angel,10000,2021-09-10,2021,9,Edtech,Seed/Angel,Kolkata,Edtech,Edtech
Oyo,Consumer Electronics,Audio,Mumbai,Kalaari Capital,Seed,66000,2023-01-05,2023,1,Other,Seed/Angel,Mumbai,Other,Other
Nykaa,RealEstate,Rental Tech,Noida,"Accel, Blume Ventures, Kalaari Capital",Pre-Series A,195000,2024-02-29,2024,2,Proptech,Seed/Angel,Delhi/NCR,Proptech,Proptech
NeoLabs,Logistics,Last Mile,Pune,IFC,Seed,91000,2022-06-29,2022,6,Logistics,Seed/Angel,Pune,Logistics,Logistics
Practo,RealEstate,Home Services,Noida,Tiger Global,Angel,81000,2023-08-13,2023,8,Proptech,Seed/Angel,Delhi/NCR,Proptech,Proptech
SkillSolutions,E-commerce,Fashion,Mumbai,"Bessemer Venture Partners, Omidyar Network, Sequoia Capital India",Series B,46994000,2023-08-07,2023,8,Ecommerce/D2C,Series B,Mumbai,Ecommerce/D2C,Ecommerce/D2C
HomeMart,Retail,Fashion,Gurugram,Lightspeed India,Seed,517000,2024-04-16,2024,4,Ecommerce/D2C,Seed/Angel,Delhi/NCR,Ecommerce/D2C,Ecommerce/D2C
PharmEasy,SaaS,DevTools,Ahmedabad,Tiger Global Management,Pre-Seed,149000,2024-10-24,2024,10,SaaS/Enterprise,Seed/Angel,Ahmedabad,SaaS/Enterprise,SaaS/Enterprise
AutoStack,E-commerce,Quick Commerce,Delhi,Omidyar Network,Pre-Seed,127000,2024-06-05,2024,6,Ecommerce/D2C,Seed/Angel,Delhi/NCR,Ecommerce/D2C,Ecommerce/D2C
PhonePe,HealthTech,Pharmacy,Bengaluru,"Accel, Tiger Global",Seed,100000,2022-05-12,2022,5,Healthtech,Seed/Angel,Bengaluru,Healthtech,Healthtech
EduMart,Mobility,Micro Mobility,Mumbai,"Bessemer Venture Partners, Tiger Global",Series A,11213000,2021-03-29,2021,3,EV/Cleantech,Series A,Mumbai,EV/Cleantech,EV/Cleantech
Oyo,Consumer Electronics,Smart Home,Bengaluru,"Accel, Info Edge",Seed,366000,2022-09-07,2022,9,Other,Seed/Angel,Bengaluru,Other,Other
Ola,E-commerce,Quick Commerce,Pune,Elevation Capital,Series A,8905000,2020-05-14,2020,5,Ecommerce/D2C,Series A,Pune,Ecommerce/D2C,Ecommerce/D2C
NeoSense,AgriTech,Marketplace,Hyderabad,"Accel, Kedaara Capital",Series A,11321000,2023-05-24,2023,5,Agritech,Series A,Hyderabad,Agritech,Agritech
GreenEdge,EdTech,Coding Bootcamp,Pune,"Kedaara Capital, SoftBank Vision Fund",Series C,47319000,2022-03-27,2022,3,Edtech,Series C,Pune,Edtech,Edtech
HyperLabs,SaaS,DevTools,Kolkata,Accel,Seed,75000,2024-08-30,2024,8,SaaS/Enterprise,Seed/Angel,Kolkata,SaaS/Enterprise,SaaS/Enterprise
Wakefit,Media,Streaming,Pune,Omidyar Network,Series C,37077000,2023-02-13,2023,2,Other,Series C,Pune,Other,Other
FreshBox,FoodTech,Food Delivery,Chennai,Tiger Global Management,Growth,154344000,2024-01-16,2024,1,Foodtech,Late Stage,Chennai,Foodtech,Foodtech
FreshTech,AgriTech,Marketplace,Gurugram,IFC,Seed,1022000,2022-09-14,2022,9,Agritech,Seed/Angel,Delhi/NCR,Agritech,Agritech
NextFlow,SaaS,B2B SaaS,Hyderabad,"Tiger Global Management, Zodius Capital",Series A,10287000,2024-07-11,2024,7,SaaS/Enterprise,Series A,Hyderabad,SaaS/Enterprise,SaaS/Enterprise
GrowthFlow,RealEstate,Rental Tech,Hyderabad,"LCatterton, Ventures India, Y Combinator",Pre-Seed,20000,2021-07-13,2021,7,Proptech,Seed/Angel,Hyderabad,Proptech,Proptech
BlueTech,AgriTech,Marketplace,Chennai,"Accel, Falcon Edge, Tiger Global Management",Seed,329000,2024-02-26,2024,2,Agritech,Seed/Angel,Chennai,Agritech,Agritech
UrbanSolutions,SaaS,DevTools,Pune,"IFC, Omidyar Network",Seed,233000,2021-10-26,2021,10,SaaS/Enterprise,Seed/Angel,Pune,SaaS/Enterprise,SaaS/Enterprise
HyperLoop,AgriTech,Supply Chain,Mumbai,"Info Edge, Mirae Asset",Seed,113000,2023-09-17,2023,9,Agritech,Seed/Angel,Mumbai,Agritech,Agritech
SkillFlow,Mobility,Ride Sharing,Pune,"Mirae Asset, Prosus Ventures",Pre-Series A,132000,2021-08-03,2021,8,EV/Cleantech,Seed/Angel,Pune,EV/Cleantech,EV/Cleantech
FarmFit,AgriTech,Supply Chain,Bengaluru,Ventures India,Seed,174000,2025-04-20,2025,4,Agritech,Seed/Angel,Bengaluru,Agritech,Agritech
CloudSolutions,E-commerce,Quick Commerce,Kolkata,Y Combinator,Series B,68288000,2020-12-25,2020,12,Ecommerce/D2C,Series B,Kolkata,Ecommerce/D2C,Ecommerce/D2C
HomeFoods,Enterprise,Automation,Pune,"LCatterton, Sequoia Capital India, Tiger Global",Seed,165000,2024-10-30,2024,10,SaaS/Enterprise,Seed/Angel,Pune,SaaS/Enterprise,SaaS/Enterprise
HyperLabs,AgriTech,Smart Farming,Chennai,Tiger Global Management,Seed,339000,2022-04-09,2022,4,Agritech,Seed/Angel,Chennai,Agritech,Agritech
Lenskart,Retail,Fashion,Kolkata,Accel,Series D,252342000,2025-02-26,2025,2,Ecommerce/D2C,Late Stage,Kolkata,Ecommerce/D2C,Ecommerce/D2C
AeroStack,AgriTech,Smart Farming,Noida,Ventures India,Seed,191000,2024-11-17,2024,11,Agritech,Seed/Angel,Delhi/NCR,Agritech,Agritech
HomeAnalytics,HealthTech,Telemedicine,Noida,"Bessemer Venture Partners, Lightspeed India",Series B,73980000,2022-12-22,2022,12,Healthtech,Series B,Delhi/NCR,Healthtech,Healthtech
NextFlow,Enterprise,Automation,Delhi,Lightspeed India,Seed,1741000,2020-10-26,2020,10,SaaS/Enterprise,Seed/Angel,Delhi/NCR,SaaS/Enterprise,SaaS/Enterprise
HyperLoop,RealEstate,PropTech,Delhi,"A91 Partners, Mirae Asset",Bridge,127000,2023-07-10,2023,7,Proptech,Undisclosed,Delhi/NCR,Proptech,Proptech
EduMart,AgriTech,Marketplace,Ahmedabad,"Info Edge, Mirae Asset, SoftBank Vision Fund",Seed,313000,2025-06-11,2025,6,Agritech,Seed/Angel,Ahmedabad,Agritech,Agritech
Oyo,Retail,Grocery,Ahmedabad,SoftBank Vision Fund,Seed,152000,2022-11-05,2022,11,Ecommerce/D2C,Seed/Angel,Ahmedabad,Ecommerce/D2C,Ecommerce/D2C
EduBox_144,SaaS,HRTech,Mumbai,Omidyar Network,Series B,11014000,2025-06-24,2025,6,SaaS/Enterprise,Series B,Mumbai,SaaS/Enterprise,SaaS/Enterprise
ClearDekho,FoodTech,Food Delivery,Ahmedabad,"Info Edge, LCatterton, Zodius Capital",Series A,1105000,2024-06-09,2024,6,Foodtech,Series A,Ahmedabad,Foodtech,Foodtech
FinFoods,Consumer Electronics,Smart Home,Delhi,Zodius Capital,Bridge,474000,2022-07-11,2022,7,FoodTech,Undisclosed,Delhi/NCR,FoodTech,Other
DataHive,E-commerce,Grocery,Delhi,"Falcon Edge, Tiger Global Management",Pre-Seed,64000,2023-12-20,2023,12,Ecommerce/D2C,Seed/Angel,Delhi/NCR,Ecommerce/D2C,Ecommerce/D2C
NextSense,Logistics,Supply Chain,Chennai,"Ribbit Capital, Tiger Global",Series C,22992000,2023-10-22,2023,10,Logistics,Series C,Chennai,Logistics,Logistics
WorkStack_149,E-commerce,Grocery,Chennai,"Nexus Venture Partners, Omidyar Network, Tiger Global Management",Seed,140000,2024-01-22,2024,1,Ecommerce/D2C,Seed/Angel,Chennai,Ecommerce/D2C,Ecommerce/D2C
HealthRise,HealthTech,Pharmacy,Hyderabad,"Kalaari Capital, Omidyar Network, Peak XV",Bridge,1426000,2023-12-01,2023,12,Healthtech,Undisclosed,Hyderabad,Healthtech,Healthtech
FreshTech,RealEstate,Home Services,Delhi,"Accel, LCatterton, Tiger Global Management",Series B,9715000,2024-08-24,2024,8,Proptech,Series B,Delhi/NCR,Proptech,Proptech
Innovaccer,Mobility,EV,Bengaluru,SoftBank Vision Fund,Pre-Series A,140000,2021-01-04,2021,1,EV/Cleantech,Seed/Angel,Bengaluru,EV/Cleantech,EV/Cleantech
Myntra,EdTech,K12,Delhi,Falcon Edge,Seed,304000,2021-08-28,2021,8,Edtech,Seed/Angel,Delhi/NCR,Edtech,Edtech
GrowthConnect,Retail,Fashion,Delhi,Blume Ventures,Series A,14428000,2020-11-11,2020,11,Ecommerce/D2C,Series A,Delhi/NCR,Ecommerce/D2C,Ecommerce/D2C
Dream11,Media,Content,Bengaluru,"Elevation Capital, Info Edge, Matrix Partners India",Pre-Series A,175000,2023-10-17,2023,10,Other,Seed/Angel,Bengaluru,Other,Other
EduMart,EdTech,UpSkilling,Kolkata,Prosus Ventures,Angel,37000,2021-02-01,2021,2,Edtech,Seed/Angel,Kolkata,Edtech,Edtech
Dailyhunt,Consumer Electronics,Wearables,Chennai,Zodius Capital,Series A,7866000,2022-05-07,2022,5,AI,Series A,Chennai,AI,Other
FinSense,FinTech,InsurTech,Pune,"Elevation Capital, IFC, Zodius Capital",Series A,1903000,2020-07-29,2020,7,Fintech,Series A,Pune,Fintech,Fintech
BharatPe,Logistics,Supply Chain,Noida,Peak XV,Seed,734000,2022-06-14,2022,6,Logistics,Seed/Angel,Delhi/NCR,Logistics,Logistics
HomeAnalytics,SaaS,B2B SaaS,Chennai,Matrix Partners India,Seed,194000,2022-10-25,2022,10,SaaS/Enterprise,Seed/Angel,Chennai,SaaS/Enterprise,SaaS/Enterprise
HealthRise,FinTech,WealthTech,Mumbai,Bessemer Venture Partners,Series D,214425000,2023-08-24,2023,8,Fintech,Late Stage,Mumbai,Fintech,Fintech
FinSense_162,Enterprise,Security,Delhi,"LCatterton, Omidyar Network",Series C,111204000,2022-08-18,2022,8,SaaS/Enterprise,Series C,Delhi/NCR,SaaS/Enterprise,SaaS/Enterprise
PhonePe,Logistics,Last Mile,Delhi,"Accel, Falcon Edge",Series A,4267000,2024-01-29,2024,1,Logistics,Series A,Delhi/NCR,Logistics,Logistics
SmartTech,E-commerce,Quick Commerce,Gurugram,"Accel, Info Edge",Pre-Series A,123000,2024-06-13,2024,6,Ecommerce/D2C,Seed/Angel,Delhi/NCR,Ecommerce/D2C,Ecommerce/D2C
Chargebee,AgriTech,Marketplace,Bengaluru,Kedaara Capital,Series B,50673000,2023-03-23,2023,3,Agritech,Series B,Bengaluru,Agritech,Agritech
Cars24,FoodTech,Cloud Kitchen,Ahmedabad,"Blume Ventures, Prosus Ventures",Pre-Series A,209000,2023-03-14,2023,3,Foodtech,Seed/Angel,Ahmedabad,Foodtech,Foodtech
ShareChat,E-commerce,Grocery,Noida,"IFC, Sequoia Capital India",Series A,1657000,2022-11-05,2022,11,Ecommerce/D2C,Series A,Delhi/NCR,Ecommerce/D2C,Ecommerce/D2C
FarmFit,SaaS,HRTech,Bengaluru,Matrix Partners India,Pre-Series A,110000,2020-05-18,2020,5,SaaS/Enterprise,Seed/Angel,Bengaluru,SaaS/Enterprise,SaaS/Enterprise
Zomato,Retail,Fashion,Pune,"Ribbit Capital, SoftBank Vision Fund",Seed,442000,2021-12-22,2021,12,Ecommerce/D2C,Seed/Angel,Pune,Ecommerce/D2C,Ecommerce/D2C
SmartMart,Consumer Electronics,Smart Home,Delhi,"Bessemer Venture Partners, Elevation Capital, Info Edge",Series C,125287000,2020-05-09,2020,5,Other,Series C,Delhi/NCR,Other,Other
FarmFit,FinTech,WealthTech,Hyderabad,"Mirae Asset, Sequoia Capital India",Series A,1046000,2024-07-27,2024,7,Fintech,Series A,Hyderabad,Fintech,Fintech
FinFoods,Enterprise,Analytics,Pune,Info Edge,Seed,331000,2024-06-25,2024,6,SaaS/Enterprise,Seed/Angel,Pune,SaaS/Enterprise,SaaS/Enterprise
FoodFit,FoodTech,Food Delivery,Delhi,Peak XV,Series A,1847000,2022-10-15,2022,10,Foodtech,Series A,Delhi/NCR,Foodtech,Foodtech
NextStack,Media,Content,Mumbai,A91 Partners,Series A,5738000,2024-08-11,2024,8,Other,Series A,Mumbai,Other,Other
AgriSense,SaaS,HRTech,Hyderabad,"Blume Ventures, Info Edge",Series A,1604000,2024-01-09,2024,1,SaaS/Enterprise,Series A,Hyderabad,SaaS/Enterprise,SaaS/Enterprise
EduMart_176,Enterprise,Security,Ahmedabad,"Peak XV, Tiger Global, Tiger Global Management",Debt,7325000,2021-07-16,2021,7,SaaS/Enterprise,Debt,Ahmedabad,SaaS/Enterprise,SaaS/Enterprise
CoreConnect,Retail,Fashion,Delhi,"Info Edge, Prosus Ventures",Bridge,208000,2020-10-19,2020,10,Ecommerce/D2C,Undisclosed,Delhi/NCR,Ecommerce/D2C,Ecommerce/D2C
FreshSolutions_178,Retail,Fashion,Pune,"Nexus Venture Partners, Sequoia Capital India",Pre-Series A,864000,2025-04-28,2025,4,Ecommerce/D2C,Seed/Angel,Pune,Ecommerce/D2C,Ecommerce/D2C
EduBox,SaaS,MarTech,Mumbai,Kalaari Capital,Series A,1451000,2022-12-20,2022,12,SaaS/Enterprise,Series A,Mumbai,SaaS/Enterprise,SaaS/Enterprise
QuantumSolutions,E-commerce,Quick Commerce,Delhi,"Bessemer Venture Partners, Nexus Venture Partners",Series A,2518000,2022-03-03,2022,3,Ecommerce/D2C,Series A,Delhi/NCR,Ecommerce/D2C,Ecommerce/D2C
EduMart,AgriTech,Smart Farming,Kolkata,Info Edge,Seed,76000,2020-10-04,2020,10,Agritech,Seed/Angel,Kolkata,Agritech,Agritech
Ola,E-commerce,D2C,Pune,Elevation Capital,Series B,64925000,2023-01-31,2023,1,Ecommerce/D2C,Series B,Pune,Ecommerce/D2C,Ecommerce/D2C
NextSense,Media,Streaming,Delhi,Nexus Venture Partners,Series C,215209000,2022-11-07,2022,11,Other,Series C,Delhi/NCR,Other,Other
CloudPay,EdTech,Coding Bootcamp,Bengaluru,Mirae Asset,Pre-Series A,181000,2023-03-18,2023,3,Edtech,Seed/Angel,Bengaluru,Edtech,Edtech
LogiSense,E-commerce,Quick Commerce,Hyderabad,"Kalaari Capital, Mirae Asset",Pre-Series A,457000,2024-01-08,2024,1,Ecommerce/D2C,Seed/Angel,Hyderabad,Ecommerce/D2C,Ecommerce/D2C
Groww,HealthTech,Pharmacy,Mumbai,"IFC, SoftBank Vision Fund",Series A,9144000,2023-10-24,2023,10,Healthtech,Series A,Mumbai,Healthtech,Healthtech
BlueTech,HealthTech,Health Analytics,Noida,Falcon Edge,Angel,26000,2020-04-23,2020,4,Healthtech,Seed/Angel,Delhi/NCR,Healthtech,Healthtech
Oyo,HealthTech,Diagnostics,Pune,Peak XV,Angel,24000,2021-04-06,2021,4,Healthtech,Seed/Angel,Pune,Healthtech,Healthtech
HealthAnalytics,Logistics,Last Mile,Noida,Omidyar Network,Seed,122000,2023-07-04,2023,7,Logistics,Seed/Angel,Delhi/NCR,Logistics,Logistics
Bounce,Mobility,Micro Mobility,Delhi,Blume Ventures,Series A,1287000,2023-04-04,2023,4,EV/Cleantech,Series A,Delhi/NCR,EV/Cleantech,EV/Cleantech
BlueSpace,AgriTech,Supply Chain,Bengaluru,"Bessemer Venture Partners, Lightspeed India, Matrix Partners India",Seed,1369000,2025-04-26,2025,4,Agritech,Seed/Angel,Bengaluru,Agritech,Agritech
SkillRise,FinTech,InsurTech,Noida,Mirae Asset,Seed,1385000,2025-05-13,2025,5,Fintech,Seed/Angel,Delhi/NCR,Fintech,Fintech
CoreConnect,E-commerce,Quick Commerce,Delhi,"Lightspeed India, Omidyar Network",Series A,5554000,2022-09-18,2022,9,Ecommerce/D2C,Series A,Delhi/NCR,Ecommerce/D2C,Ecommerce/D2C
HyperLabs,SaaS,HRTech,Chennai,"A91 Partners, SoftBank Vision Fund",Seed,175000,2022-01-28,2022,1,SaaS/Enterprise,Seed/Angel,Chennai,SaaS/Enterprise,SaaS/Enterprise
InMobi,E-commerce,D2C,Kolkata,Elevation Capital,Seed,181000,2020-07-17,2020,7,Ecommerce/D2C,Seed/Angel,Kolkata,Ecommerce/D2C,Ecommerce/D2C
AeroHub,FoodTech,Cloud Kitchen,Delhi,"Blume Ventures, Kedaara Capital",Series C,142830000,2025-03-27,2025,3,Foodtech,Series C,Delhi/NCR,Foodtech,Foodtech
NextSense,Mobility,EV,Kolkata,Accel,Growth,533548000,2022-10-15,2022,10,EV/Cleantech,Late Stage,Kolkata,EV/Cleantech,EV/Cleantech
DriveFit,EdTech,K12,Ahmedabad,Mirae Asset,Pre-Series A,771000,2020-04-13,2020,4,Edtech,Seed/Angel,Ahmedabad,Edtech,Edtech
CoreSpace,FinTech,Payments,Chennai,"Kalaari Capital, Tiger Global, Y Combinator",Seed,888000,2021-06-25,2021,6,Fintech,Seed/Angel,Chennai,Fintech,Fintech
Udaan,AgriTech,Marketplace,Gurugram,Kalaari Capital,Pre-Series A,439000,2021-08-14,2021,8,Agritech,Seed/Angel,Delhi/NCR,Agritech,Agritech
EduBox,Logistics,Fleet Management,Ahmedabad,Kalaari Capital,Seed,68000,2025-06-19,2025,6,Logistics,Seed/Angel,Ahmedabad,Logistics,Logistics
BlueSpace,SaaS,DevTools,Gurugram,Tiger Global,Series A,1549000,2022-04-02,2022,4,SaaS/Enterprise,Series A,Delhi/NCR,SaaS/Enterprise,SaaS/Enterprise
WorkStack,Mobility,EV,Delhi,SoftBank Vision Fund,Series A,11397000,2022-11-21,2022,11,EV/Cleantech,Series A,Delhi/NCR,EV/Cleantech,EV/Cleantech
FoodLoop,AgriTech,Marketplace,Hyderabad,"Falcon Edge, Kedaara Capital",Series A,5167000,2022-11-04,2022,11,Agritech,Series A,Hyderabad,Agritech,Agritech
Delhivery,Consumer Electronics,Audio,Pune,"Bessemer Venture Partners, Omidyar Network",Seed,52000,2020-08-12,2020,8,Other,Seed/Angel,Pune,Other,Other
GrowthFlow,Logistics,Fleet Management,Ahmedabad,Omidyar Network,Series A,1316000,2024-01-17,2024,1,Logistics,Series A,Ahmedabad,Logistics,Logistics
Lenskart,Mobility,Micro Mobility,Ahmedabad,Zodius Capital,Series C,120606000,2022-02-17,2022,2,EV/Cleantech,Series C,Ahmedabad,EV/Cleantech,EV/Cleantech
HomeMart_208,Media,Social,Gurugram,"Nexus Venture Partners, Prosus Ventures",Pre-Seed,20000,2021-10-04,2021,10,Other,Seed/Angel,Delhi/NCR,Other,Other
Flipkart,Mobility,Micro Mobility,Kolkata,"Lightspeed India, Nexus Venture Partners, Tiger Global",Growth,76432000,2024-02-15,2024,2,EV/Cleantech,Late Stage,Kolkata,EV/Cleantech,EV/Cleantech
NeoSense,Consumer Electronics,Smart Home,Chennai,"LCatterton, SoftBank Vision Fund",Seed,379000,2020-12-20,2020,12,Other,Seed/Angel,Chennai,Other,Other
AgriFit,Enterprise,Automation,Hyderabad,Elevation Capital,Series A,6512000,2021-01-28,2021,1,SaaS/Enterprise,Series A,Hyderabad,SaaS/Enterprise,SaaS/Enterprise
Delhivery,EdTech,UpSkilling,Hyderabad,"A91 Partners, Mirae Asset",Series B,30480000,2023-11-14,2023,11,Edtech,Series B,Hyderabad,Edtech,Edtech
SkillSolutions,AgriTech,Marketplace,Noida,"Peak XV, Zodius Capital",Pre-Series A,168000,2025-06-30,2025,6,Agritech,Seed/Angel,Delhi/NCR,Agritech,Agritech
GreenConnect,Logistics,Fleet Management,Mumbai,"Lightspeed India, Matrix Partners India, Mirae Asset",Seed,692000,2022-06-24,2022,6,Logistics,Seed/Angel,Mumbai,Logistics,Logistics
SkillFlow,Media,Content,Delhi,"Matrix Partners India, Tiger Global",Seed,120000,2024-02-26,2024,2,Other,Seed/Angel,Delhi/NCR,Other,Other
Zepto,RealEstate,PropTech,Bengaluru,"Mirae Asset, Nexus Venture Partners, Prosus Ventures",Seed,166000,2021-11-07,2021,11,Proptech,Seed/Angel,Bengaluru,Proptech,Proptech
NextSense,Consumer Electronics,Wearables,Gurugram,Elevation Capital,Series C,150998000,2021-08-11,2021,8,Other,Series C,Delhi/NCR,Other,Other
HealthWorks,E-commerce,Grocery,Gurugram,LCatterton,Series A,5808000,2024-01-20,2024,1,Ecommerce/D2C,Series A,Delhi/NCR,Ecommerce/D2C,Ecommerce/D2C
NoBroker,FoodTech,Cloud Kitchen,Bengaluru,"Blume Ventures, Ventures India",Debt,19590000,2022-03-24,2022,3,Foodtech,Debt,Bengaluru,Foodtech,Foodtech
Cars24,FinTech,Payments,Hyderabad,Elevation Capital,Series A,5935000,2020-08-07,2020,8,Fintech,Series A,Hyderabad,Fintech,Fintech
NimbusLabs,HealthTech,Health Analytics,Hyderabad,Blume Ventures,Seed,407000,2020-08-18,2020,8,Healthtech,Seed/Angel,Hyderabad,Healthtech,Healthtech
LogiRise,Media,Social,Bengaluru,A91 Partners,Series B,6483000,2024-06-07,2024,6,Other,Series B,Bengaluru,Other,Other
CloudLabs,Enterprise,Automation,Chennai,Accel,Series C,54137000,2022-11-21,2022,11,SaaS/Enterprise,Series C,Chennai,SaaS/Enterprise,SaaS/Enterprise
Wakefit,HealthTech,Diagnostics,Kolkata,Matrix Partners India,Seed,133000,2021-05-23,2021,5,Healthtech,Seed/Angel,Kolkata,Healthtech,Healthtech
FinSpace,Logistics,Supply Chain,Hyderabad,Matrix Partners India,Series A,1936000,2023-03-19,2023,3,Logistics,Series A,Hyderabad,Logistics,Logistics
ShareChat,Media,Social,Bengaluru,Blume Ventures,Series B,74232000,2022-08-11,2022,8,Other,Series B,Bengaluru,Other,Other
AeroAnalytics,Media,Content,Mumbai,Y Combinator,Series B,14870000,2025-04-10,2025,4,Other,Series B,Mumbai,Other,Other
HomeAnalytics,HealthTech,Health Analytics,Delhi,Kalaari Capital,Series A,11198000,2023-05-25,2023,5,Healthtech,Series A,Delhi/NCR,Healthtech,Healthtech
CoreSpace,Retail,Fashion,Gurugram,"Accel, IFC",Series C,110486000,2023-10-25,2023,10,Ecommerce/D2C,Series C,Delhi/NCR,Ecommerce/D2C,Ecommerce/D2C
EduMart,SaaS,B2B SaaS,Ahmedabad,"LCatterton, Lightspeed India",Seed,938000,2024-08-24,2024,8,SaaS/Enterprise,Seed/Angel,Ahmedabad,SaaS/Enterprise,SaaS/Enterprise
WorkPay,Enterprise,Automation,Kolkata,"Accel, Falcon Edge, Omidyar Network",Seed,319000,2021-02-24,2021,2,SaaS/Enterprise,Seed/Angel,Kolkata,SaaS/Enterprise,SaaS/Enterprise
NimbusMart,Mobility,EV,Kolkata,"Prosus Ventures, SoftBank Vision Fund",Series A,4770000,2023-02-18,2023,2,EV/Cleantech,Series A,Kolkata,EV/Cleantech,EV/Cleantech
DataAnalytics,Enterprise,Analytics,Gurugram,"SoftBank Vision Fund, Tiger Global",Series A,3795000,2020-04-02,2020,4,SaaS/Enterprise,Series A,Delhi/NCR,SaaS/Enterprise,SaaS/Enterprise
HealthWorks,E-commerce,Fashion,Bengaluru,Ventures India,Seed,103000,2021-01-03,2021,1,Ecommerce/D2C,Seed/Angel,Bengaluru,Ecommerce/D2C,Ecommerce/D2C
QuantumDrive,FoodTech,Food Delivery,Chennai,"IFC, Nexus Venture Partners",Pre-Series A,528000,2023-10-30,2023,10,Foodtech,Seed/Angel,Chennai,Foodtech,Foodtech
Housejoy,HealthTech,Health Analytics,Noida,Zodius Capital,Seed,141000,2025-06-27,2025,6,Healthtech,Seed/Angel,Delhi/NCR,Healthtech,Healthtech
DataAnalytics,Consumer Electronics,Smart Home,Noida,Matrix Partners India,Pre-Series A,106000,2022-02-15,2022,2,Other,Seed/Angel,Delhi/NCR,Other,Other
FoodSolutions,EdTech,Test Prep,Bengaluru,"IFC, Ventures India",Series C,114859000,2022-05-08,2022,5,Edtech,Series C,Bengaluru,Edtech,Edtech
PhonePe,EdTech,K12,Mumbai,"Kedaara Capital, Omidyar Network",Seed,96000,2020-03-09,2020,3,Edtech,Seed/Angel,Mumbai,Edtech,Edtech
Postman,EdTech,Test Prep,Chennai,Ventures India,Series A,12766000,2023-01-10,2023,1,Edtech,Series A,Chennai,Edtech,Edtech
NimbusMart,Logistics,Last Mile,Ahmedabad,"IFC, Matrix Partners India, Zodius Capital",Seed,1687000,2023-05-09,2023,5,Logistics,Seed/Angel,Ahmedabad,Logistics,Logistics
HomeAnalytics,Logistics,Last Mile,Noida,"Info Edge, LCatterton, Ribbit Capital",Bridge,1461000,2024-12-06,2024,12,Logistics,Undisclosed,Delhi/NCR,Logistics,Logistics
NimbusLabs_243,SaaS,MarTech,Noida,"Nexus Venture Partners, Y Combinator",Seed,196000,2022-05-02,2022,5,SaaS/Enterprise,Seed/Angel,Delhi/NCR,SaaS/Enterprise,SaaS/Enterprise
FarmBox,EdTech,UpSkilling,Delhi,A91 Partners,Series C,20855000,2025-02-16,2025,2,Edtech,Series C,Delhi/NCR,Edtech,Edtech
SkillRise,HealthTech,Health Analytics,Gurugram,"Accel, Info Edge, Y Combinator",Seed,1535000,2021-11-07,2021,11,Healthtech,Seed/Angel,Delhi/NCR,Healthtech,Healthtech
FinFoods_246,FoodTech,Grocery,Ahmedabad,Blume Ventures,Series A,3188000,2024-11-24,2024,11,Foodtech,Series A,Ahmedabad,Foodtech,Foodtech
GreenEdge,Enterprise,Security,Hyderabad,Peak XV,Bridge,1769000,2020-02-01,2020,2,SaaS/Enterprise,Undisclosed,Hyderabad,SaaS/Enterprise,SaaS/Enterprise
Housejoy,Media,Content,Gurugram,Kalaari Capital,Series B,72324000,2023-12-12,2023,12,Other,Series B,Delhi/NCR,Other,Other
MediWorks,Retail,Grocery,Chennai,SoftBank Vision Fund,Series A,10074000,2023-08-21,2023,8,Ecommerce/D2C,Series A,Chennai,Ecommerce/D2C,Ecommerce/D2C
ShareChat,Mobility,EV,Kolkata,"SoftBank Vision Fund, Ventures India",Seed,148000,2024-01-19,2024,1,EV/Cleantech,Seed/Angel,Kolkata,EV/Cleantech,EV/Cleantech
CoreFlow,FoodTech,Cloud Kitchen,Ahmedabad,Sequoia Capital India,Growth,138147000,2024-02-27,2024,2,Foodtech,Late Stage,Ahmedabad,Foodtech,Foodtech
SkillRise,EdTech,UpSkilling,Gurugram,Mirae Asset,Pre-Series A,710000,2024-09-02,2024,9,Edtech,Seed/Angel,Delhi/NCR,Edtech,Edtech
BlueSpace,Enterprise,Security,Kolkata,Blume Ventures,Series A,2359000,2024-02-09,2024,2,SaaS/Enterprise,Series A,Kolkata,SaaS/Enterprise,SaaS/Enterprise
NeoLabs,Mobility,Micro Mobility,Bengaluru,Peak XV,Series A,1582000,2024-09-14,2024,9,EV/Cleantech,Series A,Bengaluru,EV/Cleantech,EV/Cleantech
Postman,Retail,E-Retail,Chennai,Tiger Global,Seed,390000,2023-07-15,2023,7,Ecommerce/D2C,Seed/Angel,Chennai,Ecommerce/D2C,Ecommerce/D2C
WorkPay_256,Mobility,EV,Pune,"LCatterton, Peak XV, Prosus Ventures",Seed,1580000,2023-07-30,2023,7,EV/Cleantech,Seed/Angel,Pune,EV/Cleantech,EV/Cleantech
PhonePe,FinTech,NeoBank,Noida,"Falcon Edge, Kedaara Capital",Pre-Series A,497000,2020-02-04,2020,2,Fintech,Seed/Angel,Delhi/NCR,Fintech,Fintech
SmartTech_258,Enterprise,Automation,Chennai,Accel,Series C,93643000,2025-02-06,2025,2,SaaS/Enterprise,Series C,Chennai,SaaS/Enterprise,SaaS/Enterprise
Wakefit,Mobility,Ride Sharing,Gurugram,Zodius Capital,Seed,72000,2022-12-14,2022,12,EV/Cleantech,Seed/Angel,Delhi/NCR,EV/Cleantech,EV/Cleantech
NextStack,E-commerce,D2C,Chennai,"IFC, Lightspeed India, Prosus Ventures",Series A,5288000,2021-05-13,2021,5,Ecommerce/D2C,Series A,Chennai,Ecommerce/D2C,Ecommerce/D2C
GreenMart,FoodTech,Food Delivery,Noida,Kedaara Capital,Series A,14601000,2023-07-28,2023,7,Foodtech,Series A,Delhi/NCR,Foodtech,Foodtech
WorkFit,FoodTech,Grocery,Pune,LCatterton,Series A,1461000,2024-10-23,2024,10,Foodtech,Series A,Pune,Foodtech,Foodtech
Razorpay,EdTech,K12,Ahmedabad,Prosus Ventures,Series A,4070000,2020-04-05,2020,4,Edtech,Series A,Ahmedabad,Edtech,Edtech
QuantumSolutions,AgriTech,Marketplace,Bengaluru,Sequoia Capital India,Seed,1272000,2024-10-07,2024,10,Agritech,Seed/Angel,Bengaluru,Agritech,Agritech
FarmTech,Retail,Fashion,Chennai,A91 Partners,Angel,46000,2021-09-04,2021,9,Ecommerce/D2C,Seed/Angel,Chennai,Ecommerce/D2C,Ecommerce/D2C
UrbanDrive,Mobility,EV,Chennai,"Falcon Edge, Kedaara Capital, Tiger Global Management",Series C,132064000,2020-10-13,2020,10,EV/Cleantech,Series C,Chennai,EV/Cleantech,EV/Cleantech
Udaan,E-commerce,Fashion,Gurugram,"Peak XV, Ventures India",Series D,252031000,2021-11-28,2021,11,Ecommerce/D2C,Late Stage,Delhi/NCR,Ecommerce/D2C,Ecommerce/D2C
AutoMart,SaaS,B2B SaaS,Hyderabad,"A91 Partners, Lightspeed India",Series C,52945000,2022-07-11,2022,7,SaaS/Enterprise,Series C,Hyderabad,SaaS/Enterprise,SaaS/Enterprise
UrbanSolutions,RealEstate,Rental Tech,Chennai,Bessemer Venture Partners,Seed,148000,2023-06-20,2023,6,Proptech,Seed/Angel,Chennai,Proptech,Proptech
Groww,E-commerce,D2C,Delhi,"Blume Ventures, Kalaari Capital, Y Combinator",Pre-Series A,645000,2024-05-24,2024,5,Ecommerce/D2C,Seed/Angel,Delhi/NCR,Ecommerce/D2C,Ecommerce/D2C
Bounce,FinTech,WealthTech,Kolkata,Nexus Venture Partners,Pre-Series A,646000,2021-07-06,2021,7,Fintech,Seed/Angel,Kolkata,Fintech,Fintech
DataEdge,Mobility,Micro Mobility,Noida,Y Combinator,Pre-Series A,736000,2020-02-23,2020,2,EV/Cleantech,Seed/Angel,Delhi/NCR,EV/Cleantech,EV/Cleantech
Bounce,AgriTech,Marketplace,Pune,Kalaari Capital,Growth,556750000,2020-01-26,2020,1,Agritech,Late Stage,Pune,Agritech,Agritech
WorkFit,Mobility,Ride Sharing,Ahmedabad,"Blume Ventures, Matrix Partners India",Series A,3994000,2023-11-04,2023,11,EV/Cleantech,Series A,Ahmedabad,EV/Cleantech,EV/Cleantech
NextStack,E-commerce,Marketplace,Chennai,"Bessemer Venture Partners, Y Combinator",Seed,318000,2021-09-05,2021,9,Ecommerce/D2C,Seed/Angel,Chennai,Ecommerce/D2C,Ecommerce/D2C
LogiMart,Consumer Electronics,Smart Home,Ahmedabad,Elevation Capital,Seed,950000,2020-08-07,2020,8,Other,Seed/Angel,Ahmedabad,Other,Other
AutoMart,AgriTech,Smart Farming,Pune,"Nexus Venture Partners, SoftBank Vision Fund, Tiger Global Management",Series A,5813000,2022-05-31,2022,5,Agritech,Series A,Pune,Agritech,Agritech
CloudPay,HealthTech,Health Analytics,Pune,"A91 Partners, Matrix Partners India, Mirae Asset",Seed,666000,2023-11-24,2023,11,Healthtech,Seed/Angel,Pune,Healthtech,Healthtech
UrbanSolutions,Retail,Grocery,Pune,Omidyar Network,Seed,942000,2023-02-28,2023,2,Ecommerce/D2C,Seed/Angel,Pune,Ecommerce/D2C,Ecommerce/D2C
BlueTech,Mobility,Ride Sharing,Kolkata,"Bessemer Venture Partners, Zodius Capital",Bridge,1333000,2021-03-05,2021,3,EV/Cleantech,Undisclosed,Kolkata,EV/Cleantech,EV/Cleantech
CRED,Enterprise,Security,Kolkata,Matrix Partners India,Seed,174000,2021-09-12,2021,9,SaaS/Enterprise,Seed/Angel,Kolkata,SaaS/Enterprise,SaaS/Enterprise
HyperLoop,Retail,Grocery,Mumbai,"Falcon Edge, Omidyar Network",Series A,2765000,2023-05-09,2023,5,Ecommerce/D2C,Series A,Mumbai,Ecommerce/D2C,Ecommerce/D2C
QuantumDrive,Retail,Grocery,Noida,Accel,Series A,1290000,2025-02-15,2025,2,Ecommerce/D2C,Series A,Delhi/NCR,Ecommerce/D2C,Ecommerce/D2C
LogiMart,SaaS,DevTools,Ahmedabad,"Ribbit Capital, SoftBank Vision Fund, Tiger Global Management",Pre-Seed,76000,2023-08-14,2023,8,SaaS/Enterprise,Seed/Angel,Ahmedabad,SaaS/Enterprise,SaaS/Enterprise
Paytm,E-commerce,Quick Commerce,Mumbai,"A91 Partners, Falcon Edge, Omidyar Network",Seed,57000,2022-11-11,2022,11,Ecommerce/D2C,Seed/Angel,Mumbai,Ecommerce/D2C,Ecommerce/D2C
EduMart,Consumer Electronics,Smart Home,Ahmedabad,Tiger Global Management,Series B,18181000,2020-11-04,2020,11,Other,Series B,Ahmedabad,Other,Other
AgriHive,FoodTech,Cloud Kitchen,Mumbai,Y Combinator,Series D,174427000,2024-02-04,2024,2,Foodtech,Late Stage,Mumbai,Foodtech,Foodtech
DataHive,EdTech,Coding Bootcamp,Pune,"Elevation Capital, Kedaara Capital, SoftBank Vision Fund",Series A,2173000,2022-06-16,2022,6,Edtech,Series A,Pune,Edtech,Edtech
Porter,FinTech,WealthTech,Mumbai,"Blume Ventures, Matrix Partners India",Series B,25728000,2020-12-02,2020,12,Fintech,Series B,Mumbai,Fintech,Fintech
DriveLoop,EdTech,Coding Bootcamp,Delhi,"Kalaari Capital, Ventures India",Seed,56000,2023-09-08,2023,9,Edtech,Seed/Angel,Delhi/NCR,Edtech,Edtech
BlueRise,FoodTech,Food Delivery,Bengaluru,Ventures India,Series B,5546000,2021-02-25,2021,2,Foodtech,Series B,Bengaluru,Foodtech,Foodtech
Byju's,AgriTech,Supply Chain,Noida,Info Edge,Seed,1040000,2021-10-29,2021,10,Agritech,Seed/Angel,Delhi/NCR,Agritech,Agritech
CureFit,RealEstate,Home Services,Noida,Kalaari Capital,Bridge,189000,2021-10-03,2021,10,Proptech,Undisclosed,Delhi/NCR,Proptech,Proptech
Porter,SaaS,HRTech,Kolkata,"Elevation Capital, Kedaara Capital, Omidyar Network",Series A,1411000,2024-07-24,2024,7,SaaS/Enterprise,Series A,Kolkata,SaaS/Enterprise,SaaS/Enterprise
WorkFit,SaaS,B2B SaaS,Gurugram,Kedaara Capital,Seed,343000,2021-01-09,2021,1,SaaS/Enterprise,Seed/Angel,Delhi/NCR,SaaS/Enterprise,SaaS/Enterprise
UrbanDrive,HealthTech,Health Analytics,Chennai,"Kedaara Capital, Ribbit Capital",Seed,856000,2023-07-25,2023,7,Healthtech,Seed/Angel,Chennai,Healthtech,Healthtech
NoBroker,Mobility,Ride Sharing,Kolkata,Zodius Capital,Seed,111000,2021-01-18,2021,1,EV/Cleantech,Seed/Angel,Kolkata,EV/Cleantech,EV/Cleantech
Udaan,Enterprise,Security,Bengaluru,"Falcon Edge, Tiger Global Management",Series A,5402000,2021-02-03,2021,2,SaaS/Enterprise,Series A,Bengaluru,SaaS/Enterprise,SaaS/Enterprise
NimbusLabs,Consumer Electronics,Wearables,Kolkata,"Sequoia Capital India, Ventures India",Series A,1260000,2020-06-18,2020,6,Other,Series A,Kolkata,Other,Other
Cars24,FinTech,WealthTech,Gurugram,"A91 Partners, Bessemer Venture Partners",Series A,1150000,2020-12-10,2020,12,Fintech,Series A,Delhi/NCR,Fintech,Fintech
NimbusLabs,E-commerce,Grocery,Mumbai,A91 Partners,Seed,355000,2023-01-17,2023,1,Ecommerce/D2C,Seed/Angel,Mumbai,Ecommerce/D2C,Ecommerce/D2C
Razorpay,Retail,Fashion,Kolkata,Ventures India,Series A,4324000,2022-05-20,2022,5,Ecommerce/D2C,Series A,Kolkata,Ecommerce/D2C,Ecommerce/D2C
LogiMart,FinTech,InsurTech,Hyderabad,Info Edge,Seed,525000,2024-07-30,2024,7,Fintech,Seed/Angel,Hyderabad,Fintech,Fintech
Housejoy,Retail,E-Retail,Gurugram,"Kedaara Capital, Ribbit Capital, Y Combinator",Series C,142883000,2023-04-19,2023,4,Ecommerce/D2C,Series C,Delhi/NCR,Ecommerce/D2C,Ecommerce/D2C
Dream11,AgriTech,Supply Chain,Gurugram,A91 Partners,Series C,281010000,2024-07-07,2024,7,Agritech,Series C,Delhi/NCR,Agritech,Agritech
QuantumSolutions,HealthTech,Pharmacy,Hyderabad,"Prosus Ventures, Tiger Global Management",Seed,336000,2021-07-01,2021,7,Healthtech,Seed/Angel,Hyderabad,Healthtech,Healthtech
Wakefit,HealthTech,Health Analytics,Bengaluru,"IFC, Matrix Partners India, Nexus Venture Partners",Debt,744000,2024-11-10,2024,11,Healthtech,Debt,Bengaluru,Healthtech,Healthtech
AgriSense,Retail,Fashion,Chennai,"Info Edge, Kalaari Capital, Matrix Partners India",Series A,8614000,2023-03-28,2023,3,Ecommerce/D2C,Series A,Chennai,Ecommerce/D2C,Ecommerce/D2C
Bounce,FoodTech,Grocery,Hyderabad,Info Edge,Series B,10595000,2024-12-01,2024,12,Foodtech,Series B,Hyderabad,Foodtech,Foodtech
Myntra,SaaS,B2B SaaS,Mumbai,"Prosus Ventures, Tiger Global, Y Combinator",Series B,16887000,2022-07-27,2022,7,SaaS/Enterprise,Series B,Mumbai,SaaS/Enterprise,SaaS/Enterprise
AutoMart,FoodTech,Cloud Kitchen,Kolkata,SoftBank Vision Fund,Seed,67000,2024-08-23,2024,8,Foodtech,Seed/Angel,Kolkata,Foodtech,Foodtech
LogiSense,Consumer Electronics,Wearables,Bengaluru,"Peak XV, Sequoia Capital India",Pre-Seed,21000,2023-07-06,2023,7,Other,Seed/Angel,Bengaluru,Other,Other
NextSense,FinTech,InsurTech,Gurugram,IFC,Debt,39642000,2025-02-05,2025,2,Fintech,Debt,Delhi/NCR,Fintech,Fintech
Oyo,HealthTech,Pharmacy,Mumbai,Y Combinator,Series B,50768000,2021-05-27,2021,5,Healthtech,Series B,Mumbai,Healthtech,Healthtech
Dream11,FinTech,InsurTech,Hyderabad,Info Edge,Series B,34436000,2024-03-26,2024,3,Fintech,Series B,Hyderabad,Fintech,Fintech
Bounce,Media,Social,Bengaluru,Omidyar Network,Seed,226000,2020-06-08,2020,6,Other,Seed/Angel,Bengaluru,Other,Other
Ola,FinTech,Payments,Pune,"Kedaara Capital, Mirae Asset",Series C,31977000,2024-10-27,2024,10,Fintech,Series C,Pune,Fintech,Fintech
HomeFoods,Media,Social,Mumbai,Nexus Venture Partners,Seed,89000,2024-12-09,2024,12,FoodTech,Seed/Angel,Mumbai,FoodTech,Other
HyperSpace,RealEstate,PropTech,Mumbai,"Info Edge, Ribbit Capital",Series A,1969000,2020-01-18,2020,1,Proptech,Series A,Mumbai,Proptech,Proptech
Meesho,RealEstate,Rental Tech,Delhi,"Info Edge, LCatterton, Lightspeed India",Angel,26000,2023-06-15,2023,6,Proptech,Seed/Angel,Delhi/NCR,Proptech,Proptech
FinSense,AgriTech,Marketplace,Chennai,Bessemer Venture Partners,Pre-Series A,518000,2022-05-29,2022,5,Agritech,Seed/Angel,Chennai,Agritech,Agritech
LogiMart,E-commerce,Marketplace,Noida,"Elevation Capital, Peak XV",Series A,5977000,2024-01-16,2024,1,Ecommerce/D2C,Series A,Delhi/NCR,Ecommerce/D2C,Ecommerce/D2C
GrowthFlow,RealEstate,Home Services,Gurugram,Ventures India,Series A,2134000,2022-11-09,2022,11,Proptech,Series A,Delhi/NCR,Proptech,Proptech
Urban Company,RealEstate,PropTech,Gurugram,Mirae Asset,Series A,13274000,2020-08-18,2020,8,Proptech,Series A,Delhi/NCR,Proptech,Proptech
Groww,Mobility,Ride Sharing,Pune,"A91 Partners, IFC",Angel,46000,2020-09-27,2020,9,EV/Cleantech,Seed/Angel,Pune,EV/Cleantech,EV/Cleantech
Mobikwik,Mobility,Micro Mobility,Delhi,Sequoia Capital India,Series C,89743000,2025-05-08,2025,5,EV/Cleantech,Series C,Delhi/NCR,EV/Cleantech,EV/Cleantech
CRED,FinTech,WealthTech,Gurugram,"Falcon Edge, Ribbit Capital",Pre-Seed,82000,2020-05-03,2020,5,Fintech,Seed/Angel,Delhi/NCR,Fintech,Fintech
AeroAnalytics,FoodTech,Grocery,Chennai,"Elevation Capital, Ribbit Capital",Seed,235000,2023-01-03,2023,1,Foodtech,Seed/Angel,Chennai,Foodtech,Foodtech
FreshTech_329,EdTech,K12,Noida,"Ribbit Capital, Ventures India",Seed,125000,2023-04-16,2023,4,Edtech,Seed/Angel,Delhi/NCR,Edtech,Edtech
FreshTech,Media,Social,Bengaluru,"Nexus Venture Partners, Omidyar Network",Seed,186000,2025-03-08,2025,3,Other,Seed/Angel,Bengaluru,Other,Other
NimbusMart,Media,Streaming,Delhi,Kedaara Capital,Seed,819000,2023-12-20,2023,12,Other,Seed/Angel,Delhi/NCR,Other,Other
BharatPe,Consumer Electronics,Wearables,Noida,"Matrix Partners India, Ventures India, Y Combinator",Series A,1040000,2024-08-11,2024,8,Other,Series A,Delhi/NCR,Other,Other
NextStack,E-commerce,Quick Commerce,Pune,"Kedaara Capital, Tiger Global",Series C,27387000,2021-07-11,2021,7,Ecommerce/D2C,Series C,Pune,Ecommerce/D2C,Ecommerce/D2C
Dunzo,Consumer Electronics,Wearables,Noida,Blume Ventures,Pre-Series A,111000,2022-10-20,2022,10,Other,Seed/Angel,Delhi/NCR,Other,Other
Zomato,AgriTech,Marketplace,Mumbai,Tiger Global,Seed,58000,2022-11-08,2022,11,Agritech,Seed/Angel,Mumbai,Agritech,Agritech
UrbanStack,Consumer Electronics,Wearables,Chennai,A91 Partners,Angel,65000,2021-01-01,2021,1,Other,Seed/Angel,Chennai,Other,Other
QuantumDrive,EdTech,Coding Bootcamp,Pune,"Falcon Edge, Y Combinator",Seed,670000,2020-06-08,2020,6,Edtech,Seed/Angel,Pune,Edtech,Edtech
Udaan,HealthTech,Diagnostics,Noida,"Mirae Asset, Tiger Global",Debt,1904000,2025-05-07,2025,5,Healthtech,Debt,Delhi/NCR,Healthtech,Healthtech
HealthAnalytics,Logistics,Supply Chain,Mumbai,Lightspeed India,Series A,1303000,2020-01-17,2020,1,Logistics,Series A,Mumbai,Logistics,Logistics
Oyo,Media,Streaming,Gurugram,"Bessemer Venture Partners, Tiger Global Management",Series A,3786000,2023-04-26,2023,4,Other,Series A,Delhi/NCR,Other,Other
HomeMart,FoodTech,Cloud Kitchen,Gurugram,"IFC, Peak XV, Sequoia Capital India",Series A,3605000,2023-07-26,2023,7,Foodtech,Series A,Delhi/NCR,Foodtech,Foodtech
UrbanSolutions,Media,Content,Mumbai,"Mirae Asset, Tiger Global",Seed,95000,2021-05-02,2021,5,Other,Seed/Angel,Mumbai,Other,Other
SmartCare,E-commerce,Quick Commerce,Gurugram,"Kedaara Capital, Y Combinator",Angel,18000,2022-11-30,2022,11,Ecommerce/D2C,Seed/Angel,Delhi/NCR,Ecommerce/D2C,Ecommerce/D2C
WorkFit,Mobility,Ride Sharing,Chennai,Info Edge,Seed,217000,2023-03-08,2023,3,EV/Cleantech,Seed/Angel,Chennai,EV/Cleantech,EV/Cleantech
LogiSense,Logistics,Supply Chain,Chennai,SoftBank Vision Fund,Series B,27576000,2024-02-15,2024,2,Logistics,Series B,Chennai,Logistics,Logistics
SkillFlow,EdTech,K12,Ahmedabad,Info Edge,Seed,521000,2020-08-04,2020,8,Edtech,Seed/Angel,Ahmedabad,Edtech,Edtech
HyperLabs,Mobility,EV,Gurugram,IFC,Series A,1131000,2022-08-06,2022,8,EV/Cleantech,Series A,Delhi/NCR,EV/Cleantech,EV/Cleantech
Bounce,HealthTech,Pharmacy,Ahmedabad,Nexus Venture Partners,Pre-Seed,47000,2024-09-07,2024,9,Healthtech,Seed/Angel,Ahmedabad,Healthtech,Healthtech
LogiMart,FoodTech,Grocery,Bengaluru,Sequoia Capital India,Series B,28352000,2021-06-16,2021,6,Foodtech,Series B,Bengaluru,Foodtech,Foodtech
CoreConnect,Mobility,Micro Mobility,Noida,Bessemer Venture Partners,Seed,320000,2022-08-04,2022,8,EV/Cleantech,Seed/Angel,Delhi/NCR,EV/Cleantech,EV/Cleantech
FinSense,FinTech,Lending,Delhi,Prosus Ventures,Seed,1178000,2022-03-31,2022,3,Fintech,Seed/Angel,Delhi/NCR,Fintech,Fintech
WorkFit,Logistics,Last Mile,Bengaluru,"Info Edge, LCatterton, Nexus Venture Partners",Debt,5995000,2021-02-08,2021,2,Logistics,Debt,Bengaluru,Logistics,Logistics
FreshBox,Consumer Electronics,Audio,Delhi,"Kalaari Capital, Prosus Ventures, Sequoia Capital India",Angel,8000,2022-06-06,2022,6,Other,Seed/Angel,Delhi/NCR,Other,Other
NoBroker,SaaS,DevTools,Delhi,Sequoia Capital India,Seed,65000,2022-07-02,2022,7,SaaS/Enterprise,Seed/Angel,Delhi/NCR,SaaS/Enterprise,SaaS/Enterprise
HomeMart,Consumer Electronics,Wearables,Noida,Y Combinator,Series A,5696000,2020-06-28,2020,6,Other,Series A,Delhi/NCR,Other,Other
QuantumDrive,Retail,Fashion,Gurugram,"Bessemer Venture Partners, Tiger Global Management",Series B,5381000,2024-06-30,2024,6,Ecommerce/D2C,Series B,Delhi/NCR,Ecommerce/D2C,Ecommerce/D2C
Licious,Consumer Electronics,Smart Home,Kolkata,"Elevation Capital, SoftBank Vision Fund",Seed,434000,2023-03-04,2023,3,Other,Seed/Angel,Kolkata,Other,Other
GrowthFlow,EdTech,Test Prep,Hyderabad,"Omidyar Network, Y Combinator",Seed,1604000,2022-08-24,2022,8,Edtech,Seed/Angel,Hyderabad,Edtech,Edtech
PharmEasy,HealthTech,Telemedicine,Gurugram,"LCatterton, Zodius Capital",Series B,24655000,2021-06-29,2021,6,Healthtech,Series B,Delhi/NCR,Healthtech,Healthtech
NimbusMart,EdTech,Coding Bootcamp,Pune,Blume Ventures,Angel,16000,2024-09-27,2024,9,Edtech,Seed/Angel,Pune,Edtech,Edtech
FoodLoop,Media,Content,Ahmedabad,Peak XV,Pre-Seed,88000,2023-12-05,2023,12,FoodTech,Seed/Angel,Ahmedabad,FoodTech,Other
SmartCare,EdTech,Coding Bootcamp,Noida,Accel,Seed,271000,2022-10-01,2022,10,Edtech,Seed/Angel,Delhi/NCR,Edtech,Edtech
PharmEasy,AgriTech,Supply Chain,Bengaluru,LCatterton,Series A,4382000,2020-01-02,2020,1,Agritech,Series A,Bengaluru,Agritech,Agritech
CloudPay,SaaS,DevTools,Pune,"Kedaara Capital, Nexus Venture Partners",Seed,1612000,2020-10-29,2020,10,SaaS/Enterprise,Seed/Angel,Pune,SaaS/Enterprise,SaaS/Enterprise
FreshToHome,Enterprise,Automation,Pune,"Accel, Kalaari Capital, Peak XV",Bridge,208000,2022-02-04,2022,2,SaaS/Enterprise,Undisclosed,Pune,SaaS/Enterprise,SaaS/Enterprise
Oyo,SaaS,DevTools,Delhi,"Blume Ventures, Peak XV, Ribbit Capital",Series B,71839000,2022-06-13,2022,6,SaaS/Enterprise,Series B,Delhi/NCR,SaaS/Enterprise,SaaS/Enterprise
Licious,EdTech,K12,Chennai,Nexus Venture Partners,Seed,1411000,2023-11-11,2023,11,Edtech,Seed/Angel,Chennai,Edtech,Edtech
Rapido,Media,Streaming,Chennai,"Omidyar Network, Sequoia Capital India",Series D,78480000,2024-04-27,2024,4,Other,Late Stage,Chennai,Other,Other
HomeAnalytics,E-commerce,Fashion,Delhi,Y Combinator,Seed,65000,2020-06-08,2020,6,Ecommerce/D2C,Seed/Angel,Delhi/NCR,Ecommerce/D2C,Ecommerce/D2C
FoodLoop,E-commerce,D2C,Kolkata,Kedaara Capital,Pre-Seed,25000,2021-03-05,2021,3,Ecommerce/D2C,Seed/Angel,Kolkata,Ecommerce/D2C,Ecommerce/D2C
NextFlow,E-commerce,Quick Commerce,Bengaluru,"IFC, Tiger Global Management",Pre-Series A,104000,2024-02-09,2024,2,Ecommerce/D2C,Seed/Angel,Bengaluru,Ecommerce/D2C,Ecommerce/D2C
NimbusLabs,SaaS,MarTech,Mumbai,"Prosus Ventures, Ribbit Capital",Series C,25829000,2024-06-03,2024,6,SaaS/Enterprise,Series C,Mumbai,SaaS/Enterprise,SaaS/Enterprise
BharatPe,Consumer Electronics,Audio,Bengaluru,Peak XV,Seed,621000,2021-10-14,2021,10,Other,Seed/Angel,Bengaluru,Other,Other
Groww,SaaS,DevTools,Chennai,"Peak XV, Tiger Global Management",Seed,65000,2020-06-02,2020,6,SaaS/Enterprise,Seed/Angel,Chennai,SaaS/Enterprise,SaaS/Enterprise
BlueSpace,AgriTech,Smart Farming,Bengaluru,Omidyar Network,Series A,2372000,2023-08-31,2023,8,Agritech,Series A,Bengaluru,Agritech,Agritech
DriveEdge,E-commerce,D2C,Gurugram,"A91 Partners, Peak XV",Bridge,1129000,2022-04-18,2022,4,Ecommerce/D2C,Undisclosed,Delhi/NCR,Ecommerce/D2C,Ecommerce/D2C
HealthAnalytics,E-commerce,Quick Commerce,Chennai,"Nexus Venture Partners, Y Combinator",Series A,1065000,2024-09-16,2024,9,Ecommerce/D2C,Series A,Chennai,Ecommerce/D2C,Ecommerce/D2C
DriveLoop,Enterprise,Automation,Ahmedabad,Lightspeed India,Series A,9076000,2020-07-17,2020,7,SaaS/Enterprise,Series A,Ahmedabad,SaaS/Enterprise,SaaS/Enterprise
Cars24,E-commerce,Fashion,Mumbai,"Mirae Asset, Prosus Ventures",Seed,141000,2022-03-25,2022,3,Ecommerce/D2C,Seed/Angel,Mumbai,Ecommerce/D2C,Ecommerce/D2C
Bounce,RealEstate,Rental Tech,Chennai,"Info Edge, Y Combinator",Seed,77000,2024-12-18,2024,12,Proptech,Seed/Angel,Chennai,Proptech,Proptech
CureFit,Consumer Electronics,Wearables,Hyderabad,"Tiger Global, Ventures India",Seed,653000,2021-07-04,2021,7,Other,Seed/Angel,Hyderabad,Other,Other
Wakefit,E-commerce,D2C,Noida,"Lightspeed India, Tiger Global",Pre-Series A,426000,2024-03-29,2024,3,Ecommerce/D2C,Seed/Angel,Delhi/NCR,Ecommerce/D2C,Ecommerce/D2C
UrbanDrive,FoodTech,Grocery,Kolkata,"Elevation Capital, Kalaari Capital",Series A,10764000,2021-04-27,2021,4,Foodtech,Series A,Kolkata,Foodtech,Foodtech
GreenMart,Mobility,Micro Mobility,Ahmedabad,"Blume Ventures, Tiger Global Management",Seed,753000,2025-04-28,2025,4,EV/Cleantech,Seed/Angel,Ahmedabad,EV/Cleantech,EV/Cleantech
Meesho,Retail,E-Retail,Delhi,"Info Edge, Ribbit Capital, Tiger Global Management",Pre-Seed,127000,2020-06-09,2020,6,Ecommerce/D2C,Seed/Angel,Delhi/NCR,Ecommerce/D2C,Ecommerce/D2C
Swiggy,SaaS,B2B SaaS,Mumbai,"Elevation Capital, SoftBank Vision Fund",Pre-Series A,191000,2022-03-24,2022,3,SaaS/Enterprise,Seed/Angel,Mumbai,SaaS/Enterprise,SaaS/Enterprise
LogiRise,FinTech,NeoBank,Ahmedabad,Kalaari Capital,Series A,1617000,2022-05-09,2022,5,Fintech,Series A,Ahmedabad,Fintech,Fintech
GreenConnect,AgriTech,Supply Chain,Mumbai,IFC,Series A,7635000,2020-07-25,2020,7,Agritech,Series A,Mumbai,Agritech,Agritech
FoodSolutions,Logistics,Supply Chain,Kolkata,Blume Ventures,Series A,8890000,2022-08-26,2022,8,Logistics,Series A,Kolkata,Logistics,Logistics
CoreConnect,AgriTech,Marketplace,Chennai,Prosus Ventures,Pre-Seed,196000,2024-12-26,2024,12,Agritech,Seed/Angel,Chennai,Agritech,Agritech
Postman,Media,Content,Hyderabad,Zodius Capital,Angel,17000,2020-02-11,2020,2,Other,Seed/Angel,Hyderabad,Other,Other
Oyo,Logistics,Supply Chain,Kolkata,Tiger Global Management,Series D,117757000,2023-11-03,2023,11,Logistics,Late Stage,Kolkata,Logistics,Logistics
HomeFoods,Media,Content,Pune,"Blume Ventures, Ribbit Capital",Seed,877000,2022-05-03,2022,5,FoodTech,Seed/Angel,Pune,FoodTech,Other
Meesho,Enterprise,Security,Kolkata,Zodius Capital,Series C,50332000,2024-11-11,2024,11,SaaS/Enterprise,Series C,Kolkata,SaaS/Enterprise,SaaS/Enterprise
NextSense_395,Media,Streaming,Chennai,"IFC, Sequoia Capital India",Seed,1549000,2024-10-09,2024,10,Other,Seed/Angel,Chennai,Other,Other
CloudLabs,EdTech,Test Prep,Gurugram,Kedaara Capital,Pre-Seed,144000,2020-04-13,2020,4,Edtech,Seed/Angel,Delhi/NCR,Edtech,Edtech
SkillSolutions,Consumer Electronics,Smart Home,Chennai,"Omidyar Network, Sequoia Capital India, Y Combinator",Series B,16426000,2020-09-10,2020,9,Other,Series B,Chennai,Other,Other
EduTech,Consumer Electronics,Smart Home,Noida,Ventures India,Seed,798000,2020-11-30,2020,11,Other,Seed/Angel,Delhi/NCR,Other,Other
Bounce,Logistics,Last Mile,Chennai,"Bessemer Venture Partners, Lightspeed India",Pre-Seed,114000,2024-10-14,2024,10,Logistics,Seed/Angel,Chennai,Logistics,Logistics
HomeAnalytics,RealEstate,PropTech,Hyderabad,IFC,Series B,6655000,2022-11-17,2022,11,Proptech,Series B,Hyderabad,Proptech,Proptech
MediSpace,HealthTech,Diagnostics,Ahmedabad,Omidyar Network,Series C,230417000,2021-04-03,2021,4,Healthtech,Series C,Ahmedabad,Healthtech,Healthtech
BigBasket,Media,Streaming,Hyderabad,Info Edge,Pre-Series A,320000,2022-02-10,2022,2,Other,Seed/Angel,Hyderabad,Other,Other
GreenEdge,RealEstate,Rental Tech,Ahmedabad,Falcon Edge,Pre-Series A,671000,2020-07-28,2020,7,Proptech,Seed/Angel,Ahmedabad,Proptech,Proptech
NimbusWorks,AgriTech,Marketplace,Hyderabad,"Tiger Global, Tiger Global Management",Seed,163000,2020-08-09,2020,8,Agritech,Seed/Angel,Hyderabad,Agritech,Agritech
NeoSense,Logistics,Fleet Management,Hyderabad,LCatterton,Seed,1360000,2022-11-25,2022,11,Logistics,Seed/Angel,Hyderabad,Logistics,Logistics
CoreConnect,RealEstate,PropTech,Bengaluru,LCatterton,Series B,14710000,2021-08-28,2021,8,Proptech,Series B,Bengaluru,Proptech,Proptech
CoreConnect,FinTech,NeoBank,Ahmedabad,"Kedaara Capital, Prosus Ventures, Ribbit Capital",Series C,20596000,2021-12-03,2021,12,Fintech,Series C,Ahmedabad,Fintech,Fintech
FarmBox,RealEstate,Home Services,Noida,"Accel, Blume Ventures, IFC",Seed,1411000,2020-12-14,2020,12,Proptech,Seed/Angel,Delhi/NCR,Proptech,Proptech
FreshSolutions,Media,Streaming,Delhi,Prosus Ventures,Bridge,70000,2025-01-16,2025,1,Other,Undisclosed,Delhi/NCR,Other,Other
HomeAnalytics,Media,Content,Chennai,Matrix Partners India,Series C,47487000,2021-11-09,2021,11,Other,Series C,Chennai,Other,Other
Urban Company,Consumer Electronics,Audio,Kolkata,"Omidyar Network, Ribbit Capital",Seed,1664000,2023-07-23,2023,7,Other,Seed/Angel,Kolkata,Other,Other
CoreSpace,Mobility,Ride Sharing,Chennai,IFC,Series A,13122000,2022-04-26,2022,4,EV/Cleantech,Series A,Chennai,EV/Cleantech,EV/Cleantech
WorkPay,EdTech,UpSkilling,Chennai,"IFC, Nexus Venture Partners",Debt,3529000,2025-01-02,2025,1,Edtech,Debt,Chennai,Edtech,Edtech
BlueTech,Consumer Electronics,Wearables,Delhi,Info Edge,Seed,514000,2020-04-28,2020,4,Other,Seed/Angel,Delhi/NCR,Other,Other
FarmTech,HealthTech,Diagnostics,Kolkata,Nexus Venture Partners,Series C,67366000,2024-05-15,2024,5,Healthtech,Series C,Kolkata,Healthtech,Healthtech
DriveEdge,FoodTech,Food Delivery,Kolkata,"Lightspeed India, Y Combinator",Pre-Series A,196000,2020-03-18,2020,3,Foodtech,Seed/Angel,Kolkata,Foodtech,Foodtech
UrbanStack,Retail,Fashion,Gurugram,"IFC, Lightspeed India, Ventures India",Pre-Seed,43000,2020-01-09,2020,1,Ecommerce/D2C,Seed/Angel,Delhi/NCR,Ecommerce/D2C,Ecommerce/D2C
FreshTech,FoodTech,Grocery,Ahmedabad,Elevation Capital,Seed,598000,2020-05-13,2020,5,Foodtech,Seed/Angel,Ahmedabad,Foodtech,Foodtech
Cars24,Consumer Electronics,Smart Home,Noida,"LCatterton, Tiger Global Management",Series A,7671000,2021-11-22,2021,11,Other,Series A,Delhi/NCR,Other,Other
DataHive,Consumer Electronics,Wearables,Gurugram,"Lightspeed India, Sequoia Capital India",Seed,927000,2025-01-31,2025,1,Other,Seed/Angel,Delhi/NCR,Other,Other
LogiSense,FinTech,NeoBank,Noida,"IFC, Ribbit Capital, Sequoia Capital India",Seed,920000,2022-01-20,2022,1,Fintech,Seed/Angel,Delhi/NCR,Fintech,Fintech
CloudSolutions,AgriTech,Supply Chain,Ahmedabad,Ribbit Capital,Debt,176000,2023-09-17,2023,9,Agritech,Debt,Ahmedabad,Agritech,Agritech
DataAnalytics_423,E-commerce,Fashion,Kolkata,Mirae Asset,Pre-Series A,312000,2023-01-25,2023,1,Ecommerce/D2C,Seed/Angel,Kolkata,Ecommerce/D2C,Ecommerce/D2C
HyperLoop,RealEstate,Rental Tech,Bengaluru,Prosus Ventures,Seed,62000,2023-09-17,2023,9,Proptech,Seed/Angel,Bengaluru,Proptech,Proptech
SkillFlow,Media,Social,Chennai,"Kedaara Capital, Nexus Venture Partners",Series D,177214000,2020-08-02,2020,8,Other,Late Stage,Chennai,Other,Other
Porter,Retail,E-Retail,Kolkata,Zodius Capital,Seed,255000,2021-02-13,2021,2,Ecommerce/D2C,Seed/Angel,Kolkata,Ecommerce/D2C,Ecommerce/D2C
CloudPay,FoodTech,Food Delivery,Delhi,Prosus Ventures,Pre-Seed,154000,2022-10-13,2022,10,Foodtech,Seed/Angel,Delhi/NCR,Foodtech,Foodtech
AgriHive,FinTech,Payments,Mumbai,"Nexus Venture Partners, Prosus Ventures",Angel,14000,2024-09-06,2024,9,Fintech,Seed/Angel,Mumbai,Fintech,Fintech
Bounce,Retail,Fashion,Mumbai,Ribbit Capital,Series B,6917000,2020-07-26,2020,7,Ecommerce/D2C,Series B,Mumbai,Ecommerce/D2C,Ecommerce/D2C
AutoFlow,Logistics,Supply Chain,Kolkata,IFC,Seed,85000,2024-07-23,2024,7,Logistics,Seed/Angel,Kolkata,Logistics,Logistics
Cars24,SaaS,HRTech,Chennai,Sequoia Capital India,Series B,41297000,2020-07-13,2020,7,SaaS/Enterprise,Series B,Chennai,SaaS/Enterprise,SaaS/Enterprise
FinSense,HealthTech,Pharmacy,Pune,"Matrix Partners India, Ventures India",Angel,32000,2025-05-10,2025,5,Healthtech,Seed/Angel,Pune,Healthtech,Healthtech
NimbusWorks,HealthTech,Telemedicine,Chennai,Zodius Capital,Pre-Series A,126000,2022-07-23,2022,7,Healthtech,Seed/Angel,Chennai,Healthtech,Healthtech
GrowthCare,RealEstate,PropTech,Mumbai,Tiger Global Management,Seed,68000,2024-01-27,2024,1,Proptech,Seed/Angel,Mumbai,Proptech,Proptech
NextSense,AgriTech,Smart Farming,Ahmedabad,Y Combinator,Series B,34916000,2021-01-06,2021,1,Agritech,Series B,Ahmedabad,Agritech,Agritech
ClearTax,Enterprise,Automation,Delhi,LCatterton,Series A,1218000,2022-09-26,2022,9,SaaS/Enterprise,Series A,Delhi/NCR,SaaS/Enterprise,SaaS/Enterprise
Dailyhunt,FinTech,Payments,Hyderabad,"Falcon Edge, IFC, Ventures India",Series B,48819000,2020-01-26,2020,1,Fintech,Series B,Hyderabad,Fintech,Fintech
Zepto,RealEstate,Home Services,Noida,"Accel, Prosus Ventures",Series A,6770000,2023-12-05,2023,12,Proptech,Series A,Delhi/NCR,Proptech,Proptech
LogiMart,RealEstate,Rental Tech,Chennai,"LCatterton, Omidyar Network",Seed,67000,2024-08-19,2024,8,Proptech,Seed/Angel,Chennai,Proptech,Proptech
MediSpace,HealthTech,Health Analytics,Kolkata,SoftBank Vision Fund,Growth,62547000,2020-06-02,2020,6,Healthtech,Late Stage,Kolkata,Healthtech,Healthtech
QuantumSolutions_441,EdTech,Coding Bootcamp,Chennai,"A91 Partners, Info Edge",Series C,289340000,2020-06-10,2020,6,Edtech,Series C,Chennai,Edtech,Edtech
Unacademy,Enterprise,Security,Kolkata,"Accel, Kalaari Capital, Ribbit Capital",Seed,199000,2022-10-15,2022,10,SaaS/Enterprise,Seed/Angel,Kolkata,SaaS/Enterprise,SaaS/Enterprise
Rapido,Enterprise,Analytics,Ahmedabad,LCatterton,Bridge,196000,2023-07-29,2023,7,SaaS/Enterprise,Undisclosed,Ahmedabad,SaaS/Enterprise,SaaS/Enterprise
CoreFlow,Consumer Electronics,Wearables,Pune,Zodius Capital,Series C,180699000,2024-07-30,2024,7,Other,Series C,Pune,Other,Other
FreshBox,AgriTech,Marketplace,Kolkata,"Accel, Info Edge, Prosus Ventures",Series B,69115000,2022-01-14,2022,1,Agritech,Series B,Kolkata,Agritech,Agritech
Rapido,SaaS,HRTech,Hyderabad,"Accel, LCatterton, Mirae Asset",Series A,14442000,2022-02-04,2022,2,SaaS/Enterprise,Series A,Hyderabad,SaaS/Enterprise,SaaS/Enterprise
Freshworks,E-commerce,D2C,Ahmedabad,"Lightspeed India, Zodius Capital",Seed,805000,2020-09-04,2020,9,Ecommerce/D2C,Seed/Angel,Ahmedabad,Ecommerce/D2C,Ecommerce/D2C
FinFoods,E-commerce,Fashion,Bengaluru,"Bessemer Venture Partners, Info Edge, Omidyar Network",Angel,15000,2024-09-11,2024,9,Ecommerce/D2C,Seed/Angel,Bengaluru,Ecommerce/D2C,Ecommerce/D2C
ClearDekho,HealthTech,Health Analytics,Bengaluru,"Peak XV, Zodius Capital",Series A,1254000,2020-04-09,2020,4,Healthtech,Series A,Bengaluru,Healthtech,Healthtech
AgriHive,Retail,E-Retail,Ahmedabad,Accel,Seed,879000,2024-07-27,2024,7,Ecommerce/D2C,Seed/Angel,Ahmedabad,Ecommerce/D2C,Ecommerce/D2C
AgriSense,FoodTech,Food Delivery,Ahmedabad,Elevation Capital,Angel,27000,2024-04-10,2024,4,Foodtech,Seed/Angel,Ahmedabad,Foodtech,Foodtech
DataHive,Consumer Electronics,Audio,Delhi,"A91 Partners, Falcon Edge, Zodius Capital",Pre-Series A,266000,2023-12-04,2023,12,Other,Seed/Angel,Delhi/NCR,Other,Other
HyperLabs,Mobility,Micro Mobility,Gurugram,"Elevation Capital, Prosus Ventures, SoftBank Vision Fund",Seed,1416000,2023-07-02,2023,7,EV/Cleantech,Seed/Angel,Delhi/NCR,EV/Cleantech,EV/Cleantech
EduTech,Media,Streaming,Pune,A91 Partners,Series B,6806000,2024-04-07,2024,4,Other,Series B,Pune,Other,Other
SkillRise,Enterprise,Automation,Hyderabad,Falcon Edge,Growth,183477000,2022-05-15,2022,5,SaaS/Enterprise,Late Stage,Hyderabad,SaaS/Enterprise,SaaS/Enterprise
GrowthFlow,FinTech,Payments,Gurugram,Tiger Global Management,Seed,52000,2024-05-27,2024,5,Fintech,Seed/Angel,Delhi/NCR,Fintech,Fintech
AutoStack,FinTech,WealthTech,Gurugram,Zodius Capital,Series C,71157000,2020-03-07,2020,3,Fintech,Series C,Delhi/NCR,Fintech,Fintech
Zomato,AgriTech,Marketplace,Noida,"A91 Partners, Bessemer Venture Partners, Matrix Partners India",Growth,58010000,2024-02-29,2024,2,Agritech,Late Stage,Delhi/NCR,Agritech,Agritech
SmartTech,FinTech,InsurTech,Chennai,"A91 Partners, Sequoia Capital India, SoftBank Vision Fund",Pre-Series A,131000,2024-06-02,2024,6,Fintech,Seed/Angel,Chennai,Fintech,Fintech
AutoStack,Enterprise,Security,Gurugram,"A91 Partners, Ribbit Capital, Ventures India",Angel,7000,2023-12-14,2023,12,SaaS/Enterprise,Seed/Angel,Delhi/NCR,SaaS/Enterprise,SaaS/Enterprise
BlueRise,EdTech,UpSkilling,Kolkata,Blume Ventures,Seed,548000,2023-10-30,2023,10,Edtech,Seed/Angel,Kolkata,Edtech,Edtech
NoBroker,Media,Streaming,Mumbai,A91 Partners,Pre-Series A,557000,2022-05-27,2022,5,Other,Seed/Angel,Mumbai,Other,Other
LogiSense,Enterprise,Security,Bengaluru,Tiger Global,Seed,430000,2023-12-24,2023,12,SaaS/Enterprise,Seed/Angel,Bengaluru,SaaS/Enterprise,SaaS/Enterprise
AgriSense,Retail,Fashion,Ahmedabad,"A91 Partners, Bessemer Venture Partners",Series D,458292000,2021-09-08,2021,9,Ecommerce/D2C,Late Stage,Ahmedabad,Ecommerce/D2C,Ecommerce/D2C
Groww,Retail,Fashion,Pune,Falcon Edge,Series A,2760000,2025-05-13,2025,5,Ecommerce/D2C,Series A,Pune,Ecommerce/D2C,Ecommerce/D2C
ClearDekho,HealthTech,Health Analytics,Noida,Lightspeed India,Series A,2168000,2020-07-07,2020,7,Healthtech,Series A,Delhi/NCR,Healthtech,Healthtech
Meesho,RealEstate,Home Services,Pune,"Falcon Edge, Tiger Global Management",Pre-Series A,739000,2021-03-23,2021,3,Proptech,Seed/Angel,Pune,Proptech,Proptech
MediSpace,SaaS,MarTech,Gurugram,"Matrix Partners India, Tiger Global",Angel,10000,2023-06-10,2023,6,SaaS/Enterprise,Seed/Angel,Delhi/NCR,SaaS/Enterprise,SaaS/Enterprise
AgriSense,Retail,E-Retail,Chennai,Sequoia Capital India,Seed,1746000,2024-01-22,2024,1,Ecommerce/D2C,Seed/Angel,Chennai,Ecommerce/D2C,Ecommerce/D2C
NimbusWorks,Mobility,EV,Kolkata,"Falcon Edge, Lightspeed India, Peak XV",Pre-Seed,21000,2025-01-13,2025,1,EV/Cleantech,Seed/Angel,Kolkata,EV/Cleantech,EV/Cleantech
Dream11,Retail,Fashion,Noida,Prosus Ventures,Pre-Seed,187000,2020-05-14,2020,5,Ecommerce/D2C,Seed/Angel,Delhi/NCR,Ecommerce/D2C,Ecommerce/D2C
Meesho,Enterprise,Automation,Chennai,"IFC, Zodius Capital",Series D,55224000,2021-02-25,2021,2,SaaS/Enterprise,Late Stage,Chennai,SaaS/Enterprise,SaaS/Enterprise
DriveEdge,E-commerce,Marketplace,Bengaluru,Accel,Series A,11170000,2021-11-10,2021,11,Ecommerce/D2C,Series A,Bengaluru,Ecommerce/D2C,Ecommerce/D2C
Udaan,HealthTech,Pharmacy,Noida,LCatterton,Seed,350000,2024-08-09,2024,8,Healthtech,Seed/Angel,Delhi/NCR,Healthtech,Healthtech
Freshworks,FoodTech,Food Delivery,Chennai,"Falcon Edge, Prosus Ventures",Series A,14717000,2020-02-04,2020,2,Foodtech,Series A,Chennai,Foodtech,Foodtech
Byju's,Retail,Fashion,Ahmedabad,Y Combinator,Pre-Seed,24000,2024-10-03,2024,10,Ecommerce/D2C,Seed/Angel,Ahmedabad,Ecommerce/D2C,Ecommerce/D2C
AeroAnalytics,Retail,Fashion,Hyderabad,"Y Combinator, Zodius Capital",Series A,4481000,2021-07-30,2021,7,Ecommerce/D2C,Series A,Hyderabad,Ecommerce/D2C,Ecommerce/D2C
ClearTax,Consumer Electronics,Audio,Noida,"Bessemer Venture Partners, IFC",Seed,1786000,2024-03-09,2024,3,Other,Seed/Angel,Delhi/NCR,Other,Other
Urban Company,RealEstate,PropTech,Hyderabad,"Peak XV, Ribbit Capital, Sequoia Capital India",Series B,21323000,2025-02-15,2025,2,Proptech,Series B,Hyderabad,Proptech,Proptech
SmartCare,FinTech,NeoBank,Ahmedabad,Elevation Capital,Pre-Series A,426000,2023-01-26,2023,1,Fintech,Seed/Angel,Ahmedabad,Fintech,Fintech
FoodSolutions,RealEstate,Rental Tech,Delhi,"Lightspeed India, Zodius Capital",Seed,651000,2021-03-28,2021,3,Proptech,Seed/Angel,Delhi/NCR,Proptech,Proptech
BlueTech,AgriTech,Supply Chain,Noida,Elevation Capital,Series A,3424000,2023-01-30,2023,1,Agritech,Series A,Delhi/NCR,Agritech,Agritech
CRED,Logistics,Last Mile,Gurugram,Y Combinator,Series B,28486000,2022-09-24,2022,9,Logistics,Series B,Delhi/NCR,Logistics,Logistics
FinSpace,AgriTech,Supply Chain,Gurugram,Ribbit Capital,Seed,432000,2022-07-11,2022,7,Agritech,Seed/Angel,Delhi/NCR,Agritech,Agritech
BigBasket,Media,Streaming,Delhi,Peak XV,Series A,11477000,2022-01-16,2022,1,Other,Series A,Delhi/NCR,Other,Other
Lenskart,FinTech,WealthTech,Gurugram,"Elevation Capital, Ribbit Capital, Y Combinator",Series C,22619000,2023-12-29,2023,12,Fintech,Series C,Delhi/NCR,Fintech,Fintech
FreshBox,Consumer Electronics,Wearables,Pune,"Accel, Ribbit Capital",Series C,42802000,2022-09-24,2022,9,Other,Series C,Pune,Other,Other
HealthRise,Enterprise,Analytics,Noida,"Sequoia Capital India, Tiger Global",Seed,1666000,2024-02-11,2024,2,SaaS/Enterprise,Seed/Angel,Delhi/NCR,SaaS/Enterprise,SaaS/Enterprise
ClearDekho,RealEstate,PropTech,Ahmedabad,"Lightspeed India, Sequoia Capital India",Series A,11144000,2024-04-24,2024,4,Proptech,Series A,Ahmedabad,Proptech,Proptech
Swiggy,Mobility,Micro Mobility,Kolkata,Kalaari Capital,Series B,17686000,2020-10-31,2020,10,EV/Cleantech,Series B,Kolkata,EV/Cleantech,EV/Cleantech
Cars24,HealthTech,Health Analytics,Noida,Falcon Edge,Series A,5362000,2022-03-23,2022,3,Healthtech,Series A,Delhi/NCR,Healthtech,Healthtech
MediWorks,Retail,Fashion,Delhi,"A91 Partners, Blume Ventures",Series C,42389000,2020-10-14,2020,10,Ecommerce/D2C,Series C,Delhi/NCR,Ecommerce/D2C,Ecommerce/D2C
GreenConnect,Consumer Electronics,Wearables,Bengaluru,Tiger Global,Seed,100000,2022-09-25,2022,9,Other,Seed/Angel,Bengaluru,Other,Other
Nykaa,EdTech,Test Prep,Gurugram,Kalaari Capital,Series A,3510000,2024-06-08,2024,6,Edtech,Series A,Delhi/NCR,Edtech,Edtech
AutoFlow,FinTech,WealthTech,Mumbai,"Matrix Partners India, Zodius Capital",Series B,13318000,2022-12-03,2022,12,Fintech,Series B,Mumbai,Fintech,Fintech
NoBroker,FoodTech,Grocery,Chennai,Falcon Edge,Pre-Series A,383000,2023-08-31,2023,8,Foodtech,Seed/Angel,Chennai,Foodtech,Foodtech
UrbanSolutions,EdTech,Coding Bootcamp,Pune,"Bessemer Venture Partners, LCatterton",Series C,24686000,2021-12-07,2021,12,Edtech,Series C,Pune,Edtech,Edtech
MediHive,HealthTech,Health Analytics,Delhi,"Blume Ventures, Elevation Capital, Nexus Venture Partners",Seed,1820000,2022-11-19,2022,11,Healthtech,Seed/Angel,Delhi/NCR,Healthtech,Healthtech
Housejoy,RealEstate,PropTech,Chennai,Mirae Asset,Series C,289004000,2024-01-15,2024,1,Proptech,Series C,Chennai,Proptech,Proptech
GrowthCare,AgriTech,Supply Chain,Chennai,A91 Partners,Pre-Seed,100000,2020-03-29,2020,3,Agritech,Seed/Angel,Chennai,Agritech,Agritech
BharatPe,HealthTech,Telemedicine,Ahmedabad,LCatterton,Seed,361000,2020-12-06,2020,12,Healthtech,Seed/Angel,Ahmedabad,Healthtech,Healthtech
CoreConnect,AgriTech,Marketplace,Bengaluru,"Lightspeed India, Peak XV, Zodius Capital",Growth,113169000,2024-01-30,2024,1,Agritech,Late Stage,Bengaluru,Agritech,Agritech
CoreSpace,HealthTech,Diagnostics,Chennai,"Blume Ventures, Zodius Capital",Series A,9059000,2024-06-15,2024,6,Healthtech,Series A,Chennai,Healthtech,Healthtech
CureFit,HealthTech,Pharmacy,Kolkata,Y Combinator,Series A,6387000,2020-05-20,2020,5,Healthtech,Series A,Kolkata,Healthtech,Healthtech
LogiSense,EdTech,Coding Bootcamp,Delhi,"LCatterton, Omidyar Network",Series A,1553000,2020-12-29,2020,12,Edtech,Series A,Delhi/NCR,Edtech,Edtech
AeroAnalytics,E-commerce,Fashion,Delhi,LCatterton,Angel,77000,2023-01-09,2023,1,Ecommerce/D2C,Seed/Angel,Delhi/NCR,Ecommerce/D2C,Ecommerce/D2C
Paytm,Mobility,EV,Pune,"Info Edge, Peak XV",Growth,438231000,2023-11-29,2023,11,EV/Cleantech,Late Stage,Pune,EV/Cleantech,EV/Cleantech
AgriHive,FoodTech,Food Delivery,Ahmedabad,"A91 Partners, Info Edge, Matrix Partners India",Series C,261867000,2025-02-02,2025,2,Foodtech,Series C,Ahmedabad,Foodtech,Foodtech
PharmEasy,Enterprise,Analytics,Hyderabad,"Matrix Partners India, Sequoia Capital India",Series A,7137000,2023-01-18,2023,1,SaaS/Enterprise,Series A,Hyderabad,SaaS/Enterprise,SaaS/Enterprise
MediHive,E-commerce,Grocery,Bengaluru,"Accel, Bessemer Venture Partners, Kalaari Capital",Pre-Series A,411000,2021-02-24,2021,2,Ecommerce/D2C,Seed/Angel,Bengaluru,Ecommerce/D2C,Ecommerce/D2C
DriveLoop,Logistics,Supply Chain,Noida,"Elevation Capital, Prosus Ventures",Pre-Series A,262000,2022-01-18,2022,1,Logistics,Seed/Angel,Delhi/NCR,Logistics,Logistics
CoreFlow,Retail,Fashion,Kolkata,"Mirae Asset, Tiger Global Management",Seed,1560000,2023-02-19,2023,2,Ecommerce/D2C,Seed/Angel,Kolkata,Ecommerce/D2C,Ecommerce/D2C
FoodSolutions,FoodTech,Grocery,Delhi,Ventures India,Series D,367311000,2023-09-12,2023,9,Foodtech,Late Stage,Delhi/NCR,Foodtech,Foodtech
EduMart,HealthTech,Telemedicine,Gurugram,Bessemer Venture Partners,Series A,1130000,2024-05-28,2024,5,Healthtech,Series A,Delhi/NCR,Healthtech,Healthtech
Udaan,HealthTech,Health Analytics,Bengaluru,Mirae Asset,Series C,21480000,2024-08-13,2024,8,Healthtech,Series C,Bengaluru,Healthtech,Healthtech
DriveEdge,Logistics,Last Mile,Pune,"Omidyar Network, Tiger Global Management, Y Combinator",Seed,200000,2020-03-18,2020,3,Logistics,Seed/Angel,Pune,Logistics,Logistics
SmartTech,AgriTech,Supply Chain,Delhi,Lightspeed India,Series B,47312000,2022-06-18,2022,6,Agritech,Series B,Delhi/NCR,Agritech,Agritech
SmartTech,Retail,Fashion,Noida,"Blume Ventures, Sequoia Capital India",Series A,14492000,2021-04-19,2021,4,Ecommerce/D2C,Series A,Delhi/NCR,Ecommerce/D2C,Ecommerce/D2C
MediWorks,HealthTech,Telemedicine,Hyderabad,"Falcon Edge, Kalaari Capital, Omidyar Network",Series C,30056000,2021-12-24,2021,12,Healthtech,Series C,Hyderabad,Healthtech,Healthtech
CRED,E-commerce,Grocery,Hyderabad,"Tiger Global Management, Y Combinator",Series B,25964000,2023-02-19,2023,2,Ecommerce/D2C,Series B,Hyderabad,Ecommerce/D2C,Ecommerce/D2C
SkillSolutions,EdTech,Coding Bootcamp,Chennai,Kalaari Capital,Series A,2805000,2021-06-18,2021,6,Edtech,Series A,Chennai,Edtech,Edtech
AeroStack,Mobility,EV,Pune,"IFC, Peak XV",Bridge,1790000,2024-07-02,2024,7,EV/Cleantech,Undisclosed,Pune,EV/Cleantech,EV/Cleantech
AutoStack,FoodTech,Grocery,Kolkata,Peak XV,Series C,195631000,2024-03-31,2024,3,Foodtech,Series C,Kolkata,Foodtech,Foodtech
LogiRise,AgriTech,Supply Chain,Kolkata,"Ribbit Capital, Tiger Global Management",Seed,1102000,2020-05-18,2020,5,Agritech,Seed/Angel,Kolkata,Agritech,Agritech
HomeFoods,FoodTech,Food Delivery,Noida,Matrix Partners India,Series A,3558000,2023-12-06,2023,12,Foodtech,Series A,Delhi/NCR,Foodtech,Foodtech
Bounce,FoodTech,Grocery,Pune,Mirae Asset,Seed,231000,2025-03-22,2025,3,Foodtech,Seed/Angel,Pune,Foodtech,Foodtech
AgriFit,AgriTech,Smart Farming,Delhi,Mirae Asset,Bridge,137000,2023-10-31,2023,10,Agritech,Undisclosed,Delhi/NCR,Agritech,Agritech
CloudPay,EdTech,UpSkilling,Gurugram,Zodius Capital,Seed,62000,2024-09-05,2024,9,Edtech,Seed/Angel,Delhi/NCR,Edtech,Edtech
Licious,HealthTech,Telemedicine,Mumbai,"IFC, Mirae Asset, Sequoia Capital India",Angel,67000,2023-10-16,2023,10,Healthtech,Seed/Angel,Mumbai,Healthtech,Healthtech
Razorpay,Enterprise,Security,Pune,"IFC, Mirae Asset",Series A,9037000,2022-10-05,2022,10,SaaS/Enterprise,Series A,Pune,SaaS/Enterprise,SaaS/Enterprise
QuantumSolutions,Retail,Fashion,Delhi,"A91 Partners, Mirae Asset",Seed,1998000,2024-06-24,2024,6,Ecommerce/D2C,Seed/Angel,Delhi/NCR,Ecommerce/D2C,Ecommerce/D2C
AeroAnalytics,Enterprise,Automation,Delhi,"Falcon Edge, Sequoia Capital India, SoftBank Vision Fund",Series A,14864000,2020-09-03,2020,9,SaaS/Enterprise,Series A,Delhi/NCR,SaaS/Enterprise,SaaS/Enterprise
FarmTech,E-commerce,D2C,Pune,A91 Partners,Series A,4500000,2021-06-15,2021,6,Ecommerce/D2C,Series A,Pune,Ecommerce/D2C,Ecommerce/D2C
FinSpace,AgriTech,Smart Farming,Pune,Kalaari Capital,Seed,853000,2022-05-18,2022,5,Agritech,Seed/Angel,Pune,Agritech,Agritech
NimbusWorks,FoodTech,Food Delivery,Kolkata,"Prosus Ventures, Zodius Capital",Seed,1631000,2020-09-25,2020,9,Foodtech,Seed/Angel,Kolkata,Foodtech,Foodtech
SkillFlow,Mobility,EV,Chennai,"Bessemer Venture Partners, Blume Ventures, Nexus Venture Partners",Seed,1149000,2024-06-26,2024,6,EV/Cleantech,Seed/Angel,Chennai,EV/Cleantech,EV/Cleantech
Chargebee,HealthTech,Pharmacy,Kolkata,"Accel, Tiger Global",Seed,125000,2023-02-25,2023,2,Healthtech,Seed/Angel,Kolkata,Healthtech,Healthtech
BharatPe,FinTech,Lending,Hyderabad,Info Edge,Series A,3388000,2023-07-13,2023,7,Fintech,Series A,Hyderabad,Fintech,Fintech
WorkStack,SaaS,HRTech,Pune,IFC,Pre-Seed,27000,2020-09-05,2020,9,SaaS/Enterprise,Seed/Angel,Pune,SaaS/Enterprise,SaaS/Enterprise
BlueRise,RealEstate,Rental Tech,Noida,Y Combinator,Seed,1688000,2024-05-17,2024,5,Proptech,Seed/Angel,Delhi/NCR,Proptech,Proptech
Myntra,Retail,Fashion,Kolkata,"Elevation Capital, Ribbit Capital",Private Equity,403808000,2022-02-19,2022,2,Ecommerce/D2C,Late Stage,Kolkata,Ecommerce/D2C,Ecommerce/D2C
GreenConnect,RealEstate,Home Services,Chennai,"IFC, Tiger Global",Series B,9425000,2023-03-16,2023,3,Proptech,Series B,Chennai,Proptech,Proptech
BharatPe,SaaS,DevTools,Pune,"Elevation Capital, Matrix Partners India, Ribbit Capital",Seed,596000,2021-08-19,2021,8,SaaS/Enterprise,Seed/Angel,Pune,SaaS/Enterprise,SaaS/Enterprise
Ola,Retail,Grocery,Ahmedabad,"Blume Ventures, IFC",Series A,5333000,2022-07-11,2022,7,Ecommerce/D2C,Series A,Ahmedabad,Ecommerce/D2C,Ecommerce/D2C
FreshSolutions,RealEstate,Home Services,Mumbai,Accel,Seed,187000,2022-03-24,2022,3,Proptech,Seed/Angel,Mumbai,Proptech,Proptech
FarmBox,FinTech,InsurTech,Noida,Matrix Partners India,Series C,27201000,2020-06-19,2020,6,Fintech,Series C,Delhi/NCR,Fintech,Fintech
HyperLoop,FoodTech,Food Delivery,Gurugram,"Nexus Venture Partners, Ribbit Capital",Seed,595000,2021-08-04,2021,8,Foodtech,Seed/Angel,Delhi/NCR,Foodtech,Foodtech
Lenskart,FinTech,Payments,Pune,"IFC, Mirae Asset",Growth,197383000,2021-10-28,2021,10,Fintech,Late Stage,Pune,Fintech,Fintech
SkillFlow,HealthTech,Diagnostics,Ahmedabad,"A91 Partners, Falcon Edge, Ribbit Capital",Series A,8097000,2023-07-16,2023,7,Healthtech,Series A,Ahmedabad,Healthtech,Healthtech
FreshTech,Consumer Electronics,Smart Home,Gurugram,Y Combinator,Series C,81807000,2022-06-23,2022,6,Other,Series C,Delhi/NCR,Other,Other
Swiggy,HealthTech,Pharmacy,Bengaluru,SoftBank Vision Fund,Pre-Seed,142000,2024-07-27,2024,7,Healthtech,Seed/Angel,Bengaluru,Healthtech,Healthtech
CoreSpace,Media,Content,Kolkata,"Bessemer Venture Partners, Omidyar Network",Seed,383000,2024-04-17,2024,4,Other,Seed/Angel,Kolkata,Other,Other
MediHive,EdTech,Coding Bootcamp,Noida,Kedaara Capital,Series A,4568000,2021-05-26,2021,5,Edtech,Series A,Delhi/NCR,Edtech,Edtech
UrbanDrive,EdTech,UpSkilling,Mumbai,"LCatterton, Ventures India",Pre-Series A,753000,2021-05-05,2021,5,Edtech,Seed/Angel,Mumbai,Edtech,Edtech
SkillFlow,Media,Streaming,Hyderabad,Blume Ventures,Pre-Series A,253000,2024-10-13,2024,10,Other,Seed/Angel,Hyderabad,Other,Other
Cars24,E-commerce,Fashion,Ahmedabad,"Mirae Asset, SoftBank Vision Fund",Series A,1438000,2023-12-05,2023,12,Ecommerce/D2C,Series A,Ahmedabad,Ecommerce/D2C,Ecommerce/D2C
WorkPay_557,Mobility,Ride Sharing,Delhi,Nexus Venture Partners,Bridge,56000,2021-07-31,2021,7,EV/Cleantech,Undisclosed,Delhi/NCR,EV/Cleantech,EV/Cleantech
Dailyhunt,Media,Social,Gurugram,"Kalaari Capital, Lightspeed India",Seed,810000,2020-01-31,2020,1,AI,Seed/Angel,Delhi/NCR,AI,Other
Chargebee,SaaS,MarTech,Bengaluru,Tiger Global,Seed,493000,2024-09-23,2024,9,SaaS/Enterprise,Seed/Angel,Bengaluru,SaaS/Enterprise,SaaS/Enterprise
DriveFit_560,Consumer Electronics,Audio,Gurugram,"Nexus Venture Partners, Zodius Capital",Angel,41000,2021-05-27,2021,5,Other,Seed/Angel,Delhi/NCR,Other,Other
LogiMart,Consumer Electronics,Audio,Bengaluru,Falcon Edge,Seed,110000,2024-02-14,2024,2,Other,Seed/Angel,Bengaluru,Other,Other
FarmTech,RealEstate,Home Services,Pune,Ventures India,Seed,83000,2024-01-31,2024,1,Proptech,Seed/Angel,Pune,Proptech,Proptech
NeoTech,RealEstate,Home Services,Gurugram,"Accel, Lightspeed India, Ribbit Capital",Pre-Series A,103000,2020-04-16,2020,4,Proptech,Seed/Angel,Delhi/NCR,Proptech,Proptech
NeoSense_564,Retail,Grocery,Ahmedabad,Sequoia Capital India,Seed,182000,2024-06-04,2024,6,Ecommerce/D2C,Seed/Angel,Ahmedabad,Ecommerce/D2C,Ecommerce/D2C
Razorpay,AgriTech,Marketplace,Kolkata,Bessemer Venture Partners,Series B,25663000,2020-11-13,2020,11,Agritech,Series B,Kolkata,Agritech,Agritech
LogiMart,E-commerce,Grocery,Pune,"Blume Ventures, Tiger Global, Y Combinator",Angel,16000,2024-04-04,2024,4,Ecommerce/D2C,Seed/Angel,Pune,Ecommerce/D2C,Ecommerce/D2C
AeroStack,EdTech,UpSkilling,Noida,Bessemer Venture Partners,Series C,65394000,2024-03-29,2024,3,Edtech,Series C,Delhi/NCR,Edtech,Edtech
Dailyhunt,Media,Social,Bengaluru,"LCatterton, Mirae Asset, Nexus Venture Partners",Series B,61332000,2022-01-03,2022,1,AI,Series B,Bengaluru,AI,Other
Dailyhunt,Mobility,EV,Noida,"Blume Ventures, Y Combinator",Series B,13131000,2021-01-23,2021,1,EV/Cleantech,Series B,Delhi/NCR,EV/Cleantech,EV/Cleantech
InMobi,Logistics,Fleet Management,Noida,Info Edge,Seed,333000,2022-12-23,2022,12,Logistics,Seed/Angel,Delhi/NCR,Logistics,Logistics
CureFit,Mobility,EV,Kolkata,"Blume Ventures, Y Combinator",Pre-Seed,122000,2023-07-30,2023,7,EV/Cleantech,Seed/Angel,Kolkata,EV/Cleantech,EV/Cleantech
PhonePe,AgriTech,Smart Farming,Ahmedabad,Prosus Ventures,Seed,216000,2024-01-16,2024,1,Agritech,Seed/Angel,Ahmedabad,Agritech,Agritech
UrbanDrive,RealEstate,Home Services,Noida,Kalaari Capital,Seed,496000,2021-08-02,2021,8,Proptech,Seed/Angel,Delhi/NCR,Proptech,Proptech
AgriSense,Mobility,Micro Mobility,Mumbai,Blume Ventures,Pre-Seed,146000,2025-04-04,2025,4,EV/Cleantech,Seed/Angel,Mumbai,EV/Cleantech,EV/Cleantech
GreenMart,Consumer Electronics,Audio,Mumbai,"Falcon Edge, Prosus Ventures",Pre-Seed,178000,2023-08-07,2023,8,Other,Seed/Angel,Mumbai,Other,Other
CloudSolutions_576,EdTech,Test Prep,Bengaluru,"Accel, LCatterton, Mirae Asset",Angel,8000,2021-03-03,2021,3,Edtech,Seed/Angel,Bengaluru,Edtech,Edtech
HealthWorks,Media,Content,Pune,"Matrix Partners India, Tiger Global",Series C,245913000,2020-04-29,2020,4,Healthcare,Series C,Pune,Healthcare,Other
Groww,Enterprise,Security,Mumbai,"Accel, Kedaara Capital",Bridge,307000,2025-05-21,2025,5,SaaS/Enterprise,Undisclosed,Mumbai,SaaS/Enterprise,SaaS/Enterprise
AeroHub,Mobility,Micro Mobility,Gurugram,A91 Partners,Series A,2012000,2025-04-24,2025,4,EV/Cleantech,Series A,Delhi/NCR,EV/Cleantech,EV/Cleantech
SkillRise,Retail,Fashion,Ahmedabad,"Blume Ventures, IFC, Prosus Ventures",Pre-Series A,288000,2022-07-28,2022,7,Ecommerce/D2C,Seed/Angel,Ahmedabad,Ecommerce/D2C,Ecommerce/D2C
BlueTech,Mobility,EV,Delhi,"LCatterton, Peak XV",Series A,14210000,2023-05-13,2023,5,EV/Cleantech,Series A,Delhi/NCR,EV/Cleantech,EV/Cleantech
NeoSense,FoodTech,Grocery,Chennai,"A91 Partners, Matrix Partners India",Series C,75927000,2021-10-24,2021,10,Foodtech,Series C,Chennai,Foodtech,Foodtech
UrbanSolutions,Media,Content,Pune,Sequoia Capital India,Bridge,168000,2022-07-05,2022,7,Other,Undisclosed,Pune,Other,Other
HealthAnalytics,Mobility,Ride Sharing,Hyderabad,IFC,Pre-Seed,86000,2021-03-30,2021,3,EV/Cleantech,Seed/Angel,Hyderabad,EV/Cleantech,EV/Cleantech
DataAnalytics,Media,Content,Noida,"Blume Ventures, Sequoia Capital India",Series A,1916000,2023-03-14,2023,3,Other,Series A,Delhi/NCR,Other,Other
Licious,HealthTech,Diagnostics,Hyderabad,Matrix Partners India,Pre-Series A,119000,2023-04-07,2023,4,Healthtech,Seed/Angel,Hyderabad,Healthtech,Healthtech
Delhivery,E-commerce,Grocery,Chennai,"Accel, Mirae Asset, SoftBank Vision Fund",Series A,1418000,2021-03-21,2021,3,Ecommerce/D2C,Series A,Chennai,Ecommerce/D2C,Ecommerce/D2C
Myntra,Enterprise,Automation,Ahmedabad,"Ribbit Capital, Sequoia Capital India",Series C,28289000,2020-07-14,2020,7,SaaS/Enterprise,Series C,Ahmedabad,SaaS/Enterprise,SaaS/Enterprise
QuantumAnalytics_589,FinTech,WealthTech,Pune,"Nexus Venture Partners, Peak XV",Growth,74657000,2022-06-08,2022,6,Fintech,Late Stage,Pune,Fintech,Fintech
HomeFoods,Enterprise,Automation,Bengaluru,"Falcon Edge, Tiger Global",Series B,7347000,2023-07-18,2023,7,SaaS/Enterprise,Series B,Bengaluru,SaaS/Enterprise,SaaS/Enterprise
FoodLoop,HealthTech,Pharmacy,Noida,Prosus Ventures,Series B,29557000,2020-11-09,2020,11,Healthtech,Series B,Delhi/NCR,Healthtech,Healthtech
DriveFit,Retail,Fashion,Ahmedabad,"Elevation Capital, Kalaari Capital",Series A,1636000,2021-03-30,2021,3,Ecommerce/D2C,Series A,Ahmedabad,Ecommerce/D2C,Ecommerce/D2C
LogiSense,Consumer Electronics,Smart Home,Bengaluru,Kalaari Capital,Series A,2550000,2021-06-21,2021,6,Other,Series A,Bengaluru,Other,Other
DriveEdge,HealthTech,Diagnostics,Kolkata,"Lightspeed India, Ribbit Capital",Series A,11342000,2022-09-26,2022,9,Healthtech,Series A,Kolkata,Healthtech,Healthtech
LogiMart,Logistics,Supply Chain,Pune,Accel,Series B,18607000,2023-03-25,2023,3,Logistics,Series B,Pune,Logistics,Logistics
Flipkart,FoodTech,Food Delivery,Pune,"Bessemer Venture Partners, Prosus Ventures",Seed,587000,2021-12-06,2021,12,Foodtech,Seed/Angel,Pune,Foodtech,Foodtech
Lenskart,SaaS,MarTech,Ahmedabad,Lightspeed India,Seed,94000,2020-04-01,2020,4,SaaS/Enterprise,Seed/Angel,Ahmedabad,SaaS/Enterprise,SaaS/Enterprise
NimbusWorks,Media,Social,Mumbai,"IFC, Peak XV",Series B,8521000,2021-05-12,2021,5,Other,Series B,Mumbai,Other,Other
SmartTech_599,Media,Social,Hyderabad,Lightspeed India,Series A,1117000,2020-02-16,2020,2,Other,Series A,Hyderabad,Other,Other
Meesho,EdTech,UpSkilling,Noida,Kedaara Capital,Series A,1580000,2024-02-03,2024,2,Edtech,Series A,Delhi/NCR,Edtech,Edtech
PhonePe,FoodTech,Grocery,Noida,Elevation Capital,Pre-Seed,38000,2020-12-14,2020,12,Foodtech,Seed/Angel,Delhi/NCR,Foodtech,Foodtech
SkillFlow_602,RealEstate,PropTech,Mumbai,"IFC, Prosus Ventures",Pre-Series A,150000,2021-07-09,2021,7,Proptech,Seed/Angel,Mumbai,Proptech,Proptech
PhonePe,Logistics,Fleet Management,Chennai,"Accel, Tiger Global Management",Seed,69000,2022-02-18,2022,2,Logistics,Seed/Angel,Chennai,Logistics,Logistics
HyperLabs,AgriTech,Marketplace,Mumbai,"A91 Partners, Kedaara Capital",Seed,78000,2022-10-22,2022,10,Agritech,Seed/Angel,Mumbai,Agritech,Agritech
Razorpay,EdTech,UpSkilling,Pune,Sequoia Capital India,Series A,3483000,2024-03-04,2024,3,Edtech,Series A,Pune,Edtech,Edtech
AgriFit,Logistics,Last Mile,Noida,"Kalaari Capital, Matrix Partners India, Tiger Global Management",Seed,107000,2020-05-06,2020,5,Logistics,Seed/Angel,Delhi/NCR,Logistics,Logistics
ClearTax,Mobility,EV,Gurugram,"Accel, Prosus Ventures",Seed,192000,2025-01-11,2025,1,EV/Cleantech,Seed/Angel,Delhi/NCR,EV/Cleantech,EV/Cleantech
QuantumAnalytics,RealEstate,Rental Tech,Gurugram,Info Edge,Pre-Series A,319000,2023-03-19,2023,3,Proptech,Seed/Angel,Delhi/NCR,Proptech,Proptech
FreshTech,SaaS,MarTech,Noida,Omidyar Network,Seed,638000,2023-08-29,2023,8,SaaS/Enterprise,Seed/Angel,Delhi/NCR,SaaS/Enterprise,SaaS/Enterprise
CloudPay,Logistics,Fleet Management,Noida,Prosus Ventures,Angel,6000,2022-05-30,2022,5,Logistics,Seed/Angel,Delhi/NCR,Logistics,Logistics
NextSense,Mobility,Micro Mobility,Mumbai,Kedaara Capital,Seed,954000,2024-09-15,2024,9,EV/Cleantech,Seed/Angel,Mumbai,EV/Cleantech,EV/Cleantech
FoodLoop,FoodTech,Food Delivery,Hyderabad,"Bessemer Venture Partners, Elevation Capital, Peak XV",Series A,5476000,2025-03-27,2025,3,Foodtech,Series A,Hyderabad,Foodtech,Foodtech
AeroStack,FinTech,NeoBank,Ahmedabad,Matrix Partners India,Seed,68000,2023-03-07,2023,3,Fintech,Seed/Angel,Ahmedabad,Fintech,Fintech
GrowthFlow,Media,Content,Delhi,"Kedaara Capital, Y Combinator",Series A,10651000,2023-05-23,2023,5,Other,Series A,Delhi/NCR,Other,Other
UrbanDrive,HealthTech,Diagnostics,Gurugram,Peak XV,Seed,1494000,2022-04-16,2022,4,Healthtech,Seed/Angel,Delhi/NCR,Healthtech,Healthtech
Flipkart,EdTech,K12,Gurugram,"IFC, Mirae Asset",Seed,63000,2025-03-13,2025,3,Edtech,Seed/Angel,Delhi/NCR,Edtech,Edtech
NeoSense,EdTech,Coding Bootcamp,Chennai,"Kalaari Capital, Kedaara Capital, Zodius Capital",Series C,42331000,2023-05-30,2023,5,Edtech,Series C,Chennai,Edtech,Edtech
GrowthConnect,Consumer Electronics,Wearables,Bengaluru,"Falcon Edge, Tiger Global Management",Growth,419740000,2021-05-18,2021,5,Other,Late Stage,Bengaluru,Other,Other
Razorpay,Mobility,EV,Noida,Blume Ventures,Series C,151723000,2025-05-25,2025,5,EV/Cleantech,Series C,Delhi/NCR,EV/Cleantech,EV/Cleantech
Dailyhunt,FoodTech,Food Delivery,Hyderabad,Omidyar Network,Series A,1648000,2022-05-15,2022,5,Foodtech,Series A,Hyderabad,Foodtech,Foodtech
Udaan,Media,Streaming,Delhi,"Accel, Falcon Edge",Series A,1763000,2023-08-16,2023,8,Other,Series A,Delhi/NCR,Other,Other
BlueTech,Media,Streaming,Delhi,"Info Edge, Sequoia Capital India",Pre-Series A,235000,2021-10-24,2021,10,Other,Seed/Angel,Delhi/NCR,Other,Other
CloudPay,E-commerce,D2C,Pune,"Bessemer Venture Partners, Kedaara Capital, Nexus Venture Partners",Series B,19160000,2025-01-31,2025,1,Ecommerce/D2C,Series B,Pune,Ecommerce/D2C,Ecommerce/D2C
Porter,Media,Content,Pune,"Kedaara Capital, Tiger Global Management",Seed,489000,2023-12-19,2023,12,Other,Seed/Angel,Pune,Other,Other
NextSense,FoodTech,Cloud Kitchen,Delhi,"Blume Ventures, IFC, Nexus Venture Partners",Angel,15000,2023-03-04,2023,3,Foodtech,Seed/Angel,Delhi/NCR,Foodtech,Foodtech
Udaan,FoodTech,Food Delivery,Hyderabad,"Blume Ventures, Elevation Capital",Series B,18027000,2025-05-22,2025,5,Foodtech,Series B,Hyderabad,Foodtech,Foodtech
LogiSense,FinTech,NeoBank,Hyderabad,"A91 Partners, Sequoia Capital India",Pre-Seed,112000,2022-10-16,2022,10,Fintech,Seed/Angel,Hyderabad,Fintech,Fintech
NimbusLabs,AgriTech,Marketplace,Kolkata,Omidyar Network,Series A,1104000,2022-06-23,2022,6,Agritech,Series A,Kolkata,Agritech,Agritech
MediHive,Mobility,EV,Ahmedabad,Tiger Global,Series A,1981000,2024-08-06,2024,8,EV/Cleantech,Series A,Ahmedabad,EV/Cleantech,EV/Cleantech
GreenConnect_630,SaaS,B2B SaaS,Delhi,"Elevation Capital, Zodius Capital",Series D,258416000,2023-09-28,2023,9,SaaS/Enterprise,Late Stage,Delhi/NCR,SaaS/Enterprise,SaaS/Enterprise
Unacademy,FinTech,Payments,Chennai,"Elevation Capital, Kedaara Capital, Prosus Ventures",Debt,26070000,2020-11-26,2020,11,Fintech,Debt,Chennai,Fintech,Fintech
EduTech,Media,Streaming,Pune,SoftBank Vision Fund,Angel,23000,2020-07-09,2020,7,Other,Seed/Angel,Pune,Other,Other
QuantumAnalytics,Retail,Grocery,Noida,Nexus Venture Partners,Seed,356000,2022-08-22,2022,8,Ecommerce/D2C,Seed/Angel,Delhi/NCR,Ecommerce/D2C,Ecommerce/D2C
SkillSolutions,FoodTech,Grocery,Gurugram,Accel,Series B,6730000,2023-06-07,2023,6,Foodtech,Series B,Delhi/NCR,Foodtech,Foodtech
Unacademy,Consumer Electronics,Smart Home,Ahmedabad,Info Edge,Angel,19000,2023-12-18,2023,12,EdTech,Seed/Angel,Ahmedabad,EdTech,Other
FoodLoop,AgriTech,Marketplace,Pune,"Kedaara Capital, Mirae Asset",Angel,25000,2023-06-12,2023,6,Agritech,Seed/Angel,Pune,Agritech,Agritech
Chargebee,Consumer Electronics,Audio,Ahmedabad,Sequoia Capital India,Seed,122000,2021-08-17,2021,8,Other,Seed/Angel,Ahmedabad,Other,Other
GrowthFlow,Retail,E-Retail,Gurugram,"Tiger Global, Y Combinator",Series C,41465000,2022-04-29,2022,4,Ecommerce/D2C,Series C,Delhi/NCR,Ecommerce/D2C,Ecommerce/D2C
Meesho,FinTech,Lending,Hyderabad,Elevation Capital,Seed,201000,2020-05-18,2020,5,Fintech,Seed/Angel,Hyderabad,Fintech,Fintech
AgriSense,E-commerce,D2C,Pune,"Peak XV, Zodius Capital",Pre-Series A,105000,2023-03-11,2023,3,Ecommerce/D2C,Seed/Angel,Pune,Ecommerce/D2C,Ecommerce/D2C
CloudLabs,SaaS,MarTech,Kolkata,Mirae Asset,Series C,47844000,2023-08-15,2023,8,SaaS/Enterprise,Series C,Kolkata,SaaS/Enterprise,SaaS/Enterprise
LogiRise,Mobility,EV,Kolkata,"A91 Partners, Falcon Edge, Tiger Global",Series C,35458000,2022-04-27,2022,4,EV/Cleantech,Series C,Kolkata,EV/Cleantech,EV/Cleantech
HyperLabs,FinTech,Lending,Ahmedabad,Tiger Global,Series B,12397000,2024-06-25,2024,6,Fintech,Series B,Ahmedabad,Fintech,Fintech
WorkPay,FinTech,WealthTech,Chennai,A91 Partners,Series A,1383000,2024-09-21,2024,9,Fintech,Series A,Chennai,Fintech,Fintech
UrbanDrive,E-commerce,D2C,Pune,"Accel, IFC",Series B,59057000,2021-07-10,2021,7,Ecommerce/D2C,Series B,Pune,Ecommerce/D2C,Ecommerce/D2C
NimbusWorks,Logistics,Last Mile,Noida,Bessemer Venture Partners,Seed,447000,2020-08-17,2020,8,Logistics,Seed/Angel,Delhi/NCR,Logistics,Logistics
CloudPay,Consumer Electronics,Smart Home,Bengaluru,"Blume Ventures, SoftBank Vision Fund",Series C,125810000,2025-01-27,2025,1,SaaS,Series C,Bengaluru,SaaS,Other
AgriHive,Mobility,EV,Pune,Zodius Capital,Seed,919000,2024-11-20,2024,11,EV/Cleantech,Seed/Angel,Pune,EV/Cleantech,EV/Cleantech
LogiSense,FinTech,InsurTech,Chennai,Sequoia Capital India,Series B,19914000,2022-12-05,2022,12,Fintech,Series B,Chennai,Fintech,Fintech
FarmFit,AgriTech,Supply Chain,Pune,Falcon Edge,Series A,1265000,2020-04-04,2020,4,Agritech,Series A,Pune,Agritech,Agritech
FreshTech_651,Retail,Grocery,Gurugram,Elevation Capital,Seed,363000,2021-01-29,2021,1,Ecommerce/D2C,Seed/Angel,Delhi/NCR,Ecommerce/D2C,Ecommerce/D2C
FoodLoop,RealEstate,PropTech,Hyderabad,Sequoia Capital India,Seed,436000,2021-07-14,2021,7,Proptech,Seed/Angel,Hyderabad,Proptech,Proptech
Zomato,EdTech,UpSkilling,Noida,"A91 Partners, Bessemer Venture Partners, Blume Ventures",Seed,782000,2020-10-16,2020,10,Edtech,Seed/Angel,Delhi/NCR,Edtech,Edtech
FreshTech,SaaS,MarTech,Bengaluru,"Accel, Tiger Global, Y Combinator",Seed,246000,2022-08-22,2022,8,SaaS/Enterprise,Seed/Angel,Bengaluru,SaaS/Enterprise,SaaS/Enterprise
DriveFit,AgriTech,Marketplace,Kolkata,Zodius Capital,Series A,1413000,2021-10-01,2021,10,Agritech,Series A,Kolkata,Agritech,Agritech
HealthRise,Retail,Grocery,Ahmedabad,"Info Edge, Mirae Asset, Prosus Ventures",Seed,142000,2024-07-22,2024,7,Ecommerce/D2C,Seed/Angel,Ahmedabad,Ecommerce/D2C,Ecommerce/D2C
InMobi,Consumer Electronics,Audio,Gurugram,"Matrix Partners India, Y Combinator",Seed,191000,2025-01-08,2025,1,Other,Seed/Angel,Delhi/NCR,Other,Other
BlueTech,RealEstate,Home Services,Pune,Mirae Asset,Series A,5750000,2020-03-02,2020,3,Proptech,Series A,Pune,Proptech,Proptech
NextFlow,Enterprise,Analytics,Hyderabad,"Accel, Nexus Venture Partners",Series C,93825000,2023-05-22,2023,5,SaaS/Enterprise,Series C,Hyderabad,SaaS/Enterprise,SaaS/Enterprise
AeroStack,RealEstate,PropTech,Hyderabad,"Kalaari Capital, Ribbit Capital",Series A,2623000,2022-03-31,2022,3,Proptech,Series A,Hyderabad,Proptech,Proptech
NextSense,FoodTech,Cloud Kitchen,Pune,"Info Edge, Tiger Global Management",Seed,1903000,2023-11-22,2023,11,Foodtech,Seed/Angel,Pune,Foodtech,Foodtech
DataHive,EdTech,K12,Mumbai,"Accel, Zodius Capital",Series B,26816000,2023-12-28,2023,12,Edtech,Series B,Mumbai,Edtech,Edtech
SmartMart,E-commerce,Fashion,Delhi,Omidyar Network,Seed,120000,2022-04-11,2022,4,Ecommerce/D2C,Seed/Angel,Delhi/NCR,Ecommerce/D2C,Ecommerce/D2C
QuantumAnalytics,RealEstate,Rental Tech,Bengaluru,LCatterton,Seed,73000,2024-07-31,2024,7,Proptech,Seed/Angel,Bengaluru,Proptech,Proptech
Rapido,Retail,E-Retail,Delhi,"Info Edge, Ribbit Capital",Series A,1513000,2021-08-19,2021,8,Ecommerce/D2C,Series A,Delhi/NCR,Ecommerce/D2C,Ecommerce/D2C
CoreFlow,SaaS,HRTech,Ahmedabad,LCatterton,Series C,38931000,2023-10-23,2023,10,SaaS/Enterprise,Series C,Ahmedabad,SaaS/Enterprise,SaaS/Enterprise
DriveEdge,SaaS,B2B SaaS,Ahmedabad,IFC,Pre-Seed,29000,2022-11-11,2022,11,SaaS/Enterprise,Seed/Angel,Ahmedabad,SaaS/Enterprise,SaaS/Enterprise
HealthWorks,Mobility,Ride Sharing,Bengaluru,Accel,Series B,8387000,2024-08-07,2024,8,EV/Cleantech,Series B,Bengaluru,EV/Cleantech,EV/Cleantech
HealthAnalytics,EdTech,Coding Bootcamp,Ahmedabad,"A91 Partners, Y Combinator",Pre-Series A,193000,2021-10-13,2021,10,Edtech,Seed/Angel,Ahmedabad,Edtech,Edtech
NoBroker,Consumer Electronics,Audio,Gurugram,Zodius Capital,Series A,1599000,2024-09-23,2024,9,Other,Series A,Delhi/NCR,Other,Other
HyperLoop,Enterprise,Automation,Delhi,"Kedaara Capital, Mirae Asset, Sequoia Capital India",Seed,1367000,2020-05-26,2020,5,SaaS/Enterprise,Seed/Angel,Delhi/NCR,SaaS/Enterprise,SaaS/Enterprise
DriveEdge,HealthTech,Telemedicine,Delhi,"Kedaara Capital, LCatterton",Series B,6246000,2022-05-01,2022,5,Healthtech,Series B,Delhi/NCR,Healthtech,Healthtech
Innovaccer,AgriTech,Supply Chain,Kolkata,"Kalaari Capital, Lightspeed India",Series A,4139000,2023-02-04,2023,2,Agritech,Series A,Kolkata,Agritech,Agritech
Innovaccer,AgriTech,Supply Chain,Ahmedabad,Kedaara Capital,Series A,3039000,2024-02-05,2024,2,Agritech,Series A,Ahmedabad,Agritech,Agritech
NextStack,Mobility,Micro Mobility,Pune,"Mirae Asset, Y Combinator",Pre-Seed,192000,2020-03-18,2020,3,EV/Cleantech,Seed/Angel,Pune,EV/Cleantech,EV/Cleantech
AgriHive,E-commerce,Marketplace,Noida,Mirae Asset,Debt,201000,2024-03-17,2024,3,Ecommerce/D2C,Debt,Delhi/NCR,Ecommerce/D2C,Ecommerce/D2C
HealthRise,AgriTech,Supply Chain,Gurugram,"Accel, Peak XV, Ribbit Capital",Series A,2937000,2024-02-27,2024,2,Agritech,Series A,Delhi/NCR,Agritech,Agritech
FreshTech,SaaS,B2B SaaS,Kolkata,"A91 Partners, SoftBank Vision Fund",Series A,13810000,2025-01-29,2025,1,SaaS/Enterprise,Series A,Kolkata,SaaS/Enterprise,SaaS/Enterprise
AgriFit,Retail,Grocery,Hyderabad,"Kedaara Capital, Ventures India",Seed,1218000,2023-11-24,2023,11,Ecommerce/D2C,Seed/Angel,Hyderabad,Ecommerce/D2C,Ecommerce/D2C
Swiggy,FinTech,InsurTech,Ahmedabad,"Ribbit Capital, Tiger Global Management, Zodius Capital",Seed,1019000,2020-04-15,2020,4,Fintech,Seed/Angel,Ahmedabad,Fintech,Fintech
SmartTech,HealthTech,Telemedicine,Hyderabad,Elevation Capital,Seed,129000,2023-06-15,2023,6,Healthtech,Seed/Angel,Hyderabad,Healthtech,Healthtech
CloudSolutions_682,E-commerce,Grocery,Delhi,Prosus Ventures,Angel,8000,2024-02-22,2024,2,Ecommerce/D2C,Seed/Angel,Delhi/NCR,Ecommerce/D2C,Ecommerce/D2C
Nykaa,Retail,E-Retail,Hyderabad,"Blume Ventures, Falcon Edge",Series C,122297000,2021-04-28,2021,4,Ecommerce/D2C,Series C,Hyderabad,Ecommerce/D2C,Ecommerce/D2C
GreenMart,E-commerce,Marketplace,Ahmedabad,"Kalaari Capital, Ventures India",Angel,81000,2020-11-11,2020,11,Ecommerce/D2C,Seed/Angel,Ahmedabad,Ecommerce/D2C,Ecommerce/D2C
AeroHub,Consumer Electronics,Smart Home,Delhi,Tiger Global,Seed,390000,2024-02-12,2024,2,Other,Seed/Angel,Delhi/NCR,Other,Other
CureFit,Retail,E-Retail,Bengaluru,"Elevation Capital, Ventures India",Seed,412000,2022-03-27,2022,3,Ecommerce/D2C,Seed/Angel,Bengaluru,Ecommerce/D2C,Ecommerce/D2C
PharmEasy,FoodTech,Grocery,Chennai,"IFC, Sequoia Capital India",Series A,2134000,2020-10-24,2020,10,Foodtech,Series A,Chennai,Foodtech,Foodtech
EduMart,SaaS,B2B SaaS,Mumbai,Peak XV,Angel,50000,2023-07-29,2023,7,SaaS/Enterprise,Seed/Angel,Mumbai,SaaS/Enterprise,SaaS/Enterprise
Paytm,AgriTech,Marketplace,Hyderabad,Matrix Partners India,Seed,100000,2021-06-30,2021,6,Agritech,Seed/Angel,Hyderabad,Agritech,Agritech
DriveFit,RealEstate,Rental Tech,Gurugram,Falcon Edge,Series B,12266000,2023-04-20,2023,4,Proptech,Series B,Delhi/NCR,Proptech,Proptech
BlueTech,FinTech,Payments,Mumbai,"Accel, Info Edge",Pre-Seed,53000,2020-07-19,2020,7,Fintech,Seed/Angel,Mumbai,Fintech,Fintech
HomeAnalytics,Logistics,Last Mile,Bengaluru,Peak XV,Pre-Seed,64000,2020-07-07,2020,7,Logistics,Seed/Angel,Bengaluru,Logistics,Logistics
GreenEdge,RealEstate,PropTech,Mumbai,Y Combinator,Seed,122000,2023-05-23,2023,5,Proptech,Seed/Angel,Mumbai,Proptech,Proptech
DataEdge,Media,Social,Hyderabad,Ribbit Capital,Seed,76000,2023-09-14,2023,9,Other,Seed/Angel,Hyderabad,Other,Other
SkillSolutions,Media,Streaming,Pune,Elevation Capital,Seed,476000,2024-05-17,2024,5,Other,Seed/Angel,Pune,Other,Other
HealthWorks,SaaS,B2B SaaS,Hyderabad,Info Edge,Bridge,145000,2021-06-26,2021,6,SaaS/Enterprise,Undisclosed,Hyderabad,SaaS/Enterprise,SaaS/Enterprise
NeoLabs,EdTech,Coding Bootcamp,Delhi,A91 Partners,Series B,25052000,2020-08-10,2020,8,Edtech,Series B,Delhi/NCR,Edtech,Edtech
Paytm,EdTech,Test Prep,Kolkata,Tiger Global,Series B,7671000,2020-07-30,2020,7,Edtech,Series B,Kolkata,Edtech,Edtech
AutoStack,FinTech,InsurTech,Delhi,Prosus Ventures,Series B,18981000,2020-01-02,2020,1,Fintech,Series B,Delhi/NCR,Fintech,Fintech
NextStack,SaaS,MarTech,Ahmedabad,"Kalaari Capital, Mirae Asset",Pre-Seed,68000,2023-12-20,2023,12,SaaS/Enterprise,Seed/Angel,Ahmedabad,SaaS/Enterprise,SaaS/Enterprise
CRED,Mobility,Ride Sharing,Bengaluru,"Falcon Edge, Nexus Venture Partners",Pre-Series A,113000,2023-11-12,2023,11,EV/Cleantech,Seed/Angel,Bengaluru,EV/Cleantech,EV/Cleantech
Licious,SaaS,HRTech,Chennai,"Accel, Falcon Edge, Peak XV",Seed,173000,2025-05-17,2025,5,SaaS/Enterprise,Seed/Angel,Chennai,SaaS/Enterprise,SaaS/Enterprise
HealthRise,Retail,Grocery,Gurugram,"Elevation Capital, Prosus Ventures",Seed,82000,2020-03-21,2020,3,Ecommerce/D2C,Seed/Angel,Delhi/NCR,Ecommerce/D2C,Ecommerce/D2C
UrbanDrive,RealEstate,Rental Tech,Pune,"Blume Ventures, Info Edge, Sequoia Capital India",Series A,1187000,2024-12-17,2024,12,Proptech,Series A,Pune,Proptech,Proptech
GrowthFlow,AgriTech,Supply Chain,Kolkata,"Mirae Asset, Ribbit Capital",Pre-Series A,977000,2024-06-11,2024,6,Agritech,Seed/Angel,Kolkata,Agritech,Agritech
EduBox,FinTech,Payments,Pune,"Bessemer Venture Partners, Nexus Venture Partners, Tiger Global",Seed,164000,2024-06-01,2024,6,Fintech,Seed/Angel,Pune,Fintech,Fintech
LogiRise,Enterprise,Automation,Delhi,Sequoia Capital India,Series B,47223000,2021-04-22,2021,4,SaaS/Enterprise,Series B,Delhi/NCR,SaaS/Enterprise,SaaS/Enterprise
SmartCare,FinTech,InsurTech,Ahmedabad,"Blume Ventures, Nexus Venture Partners, Tiger Global",Pre-Seed,36000,2023-12-07,2023,12,Fintech,Seed/Angel,Ahmedabad,Fintech,Fintech
BigBasket,Enterprise,Analytics,Kolkata,"Tiger Global, Zodius Capital",Series A,6332000,2024-09-06,2024,9,SaaS/Enterprise,Series A,Kolkata,SaaS/Enterprise,SaaS/Enterprise
Porter,Consumer Electronics,Smart Home,Ahmedabad,Info Edge,Seed,826000,2024-07-05,2024,7,Other,Seed/Angel,Ahmedabad,Other,Other
FoodFit,RealEstate,Rental Tech,Noida,Ventures India,Seed,450000,2024-09-09,2024,9,Proptech,Seed/Angel,Delhi/NCR,Proptech,Proptech
NoBroker,SaaS,B2B SaaS,Mumbai,"Blume Ventures, Y Combinator",Seed,285000,2024-03-31,2024,3,SaaS/Enterprise,Seed/Angel,Mumbai,SaaS/Enterprise,SaaS/Enterprise
Dream11,Consumer Electronics,Audio,Ahmedabad,"Bessemer Venture Partners, Omidyar Network, Sequoia Capital India",Pre-Seed,52000,2020-07-23,2020,7,Other,Seed/Angel,Ahmedabad,Other,Other
Myntra,E-commerce,Quick Commerce,Bengaluru,"Kalaari Capital, LCatterton, Ribbit Capital",Seed,181000,2020-07-01,2020,7,Ecommerce/D2C,Seed/Angel,Bengaluru,Ecommerce/D2C,Ecommerce/D2C
FarmBox,EdTech,K12,Hyderabad,Peak XV,Series A,12394000,2022-04-23,2022,4,Edtech,Series A,Hyderabad,Edtech,Edtech
GrowthConnect,Media,Content,Ahmedabad,Y Combinator,Bridge,1071000,2023-07-08,2023,7,Other,Undisclosed,Ahmedabad,Other,Other
MediHive,EdTech,Test Prep,Noida,IFC,Bridge,1758000,2023-06-21,2023,6,Edtech,Undisclosed,Delhi/NCR,Edtech,Edtech
ClearDekho,EdTech,Coding Bootcamp,Gurugram,Bessemer Venture Partners,Seed,79000,2021-01-31,2021,1,Edtech,Seed/Angel,Delhi/NCR,Edtech,Edtech
FarmBox,HealthTech,Telemedicine,Bengaluru,Info Edge,Series B,37933000,2021-08-06,2021,8,Healthtech,Series B,Bengaluru,Healthtech,Healthtech
WorkStack,Retail,Grocery,Bengaluru,"Bessemer Venture Partners, Blume Ventures",Seed,1593000,2020-04-17,2020,4,Ecommerce/D2C,Seed/Angel,Bengaluru,Ecommerce/D2C,Ecommerce/D2C
Myntra,Mobility,Ride Sharing,Mumbai,"Omidyar Network, SoftBank Vision Fund",Angel,9000,2024-01-17,2024,1,EV/Cleantech,Seed/Angel,Mumbai,EV/Cleantech,EV/Cleantech
BlueRise,SaaS,DevTools,Mumbai,Ventures India,Seed,64000,2020-07-19,2020,7,SaaS/Enterprise,Seed/Angel,Mumbai,SaaS/Enterprise,SaaS/Enterprise
CloudPay,EdTech,Test Prep,Kolkata,"Nexus Venture Partners, Peak XV",Series A,7441000,2020-04-21,2020,4,Edtech,Series A,Kolkata,Edtech,Edtech
AutoFlow,SaaS,DevTools,Kolkata,Tiger Global Management,Series B,24587000,2023-07-18,2023,7,SaaS/Enterprise,Series B,Kolkata,SaaS/Enterprise,SaaS/Enterprise
CloudPay,FinTech,NeoBank,Bengaluru,"Blume Ventures, Info Edge",Seed,1116000,2020-08-15,2020,8,Fintech,Seed/Angel,Bengaluru,Fintech,Fintech
DataHive,Logistics,Fleet Management,Delhi,"LCatterton, Omidyar Network",Series C,29202000,2023-07-30,2023,7,Logistics,Series C,Delhi/NCR,Logistics,Logistics
HomeFoods,Enterprise,Automation,Kolkata,Mirae Asset,Growth,407801000,2021-03-19,2021,3,SaaS/Enterprise,Late Stage,Kolkata,SaaS/Enterprise,SaaS/Enterprise
UrbanStack,Media,Social,Gurugram,LCatterton,Seed,105000,2023-04-01,2023,4,Other,Seed/Angel,Delhi/NCR,Other,Other
WorkPay,FinTech,InsurTech,Bengaluru,"Falcon Edge, Sequoia Capital India, Ventures India",Pre-Seed,29000,2022-08-21,2022,8,Fintech,Seed/Angel,Bengaluru,Fintech,Fintech
GrowthCare,Media,Social,Kolkata,"Kedaara Capital, Ventures India",Series A,1560000,2020-06-19,2020,6,Other,Series A,Kolkata,Other,Other
Freshworks,EdTech,K12,Pune,Sequoia Capital India,Seed,1009000,2023-08-19,2023,8,Edtech,Seed/Angel,Pune,Edtech,Edtech
BigBasket,HealthTech,Health Analytics,Ahmedabad,"Mirae Asset, Nexus Venture Partners",Series B,31619000,2020-02-19,2020,2,Healthtech,Series B,Ahmedabad,Healthtech,Healthtech
CoreConnect,Enterprise,Security,Kolkata,"LCatterton, SoftBank Vision Fund, Tiger Global",Series B,21321000,2020-01-03,2020,1,SaaS/Enterprise,Series B,Kolkata,SaaS/Enterprise,SaaS/Enterprise
GreenMart,Retail,Grocery,Ahmedabad,Bessemer Venture Partners,Series A,2643000,2024-06-15,2024,6,Ecommerce/D2C,Series A,Ahmedabad,Ecommerce/D2C,Ecommerce/D2C
HealthRise,SaaS,B2B SaaS,Noida,LCatterton,Bridge,1271000,2023-10-13,2023,10,SaaS/Enterprise,Undisclosed,Delhi/NCR,SaaS/Enterprise,SaaS/Enterprise
FreshToHome,FoodTech,Food Delivery,Kolkata,Blume Ventures,Series A,2894000,2022-01-18,2022,1,Foodtech,Series A,Kolkata,Foodtech,Foodtech
CRED,Mobility,Micro Mobility,Gurugram,A91 Partners,Seed,1017000,2021-11-16,2021,11,EV/Cleantech,Seed/Angel,Delhi/NCR,EV/Cleantech,EV/Cleantech
GrowthCare,Retail,Fashion,Gurugram,SoftBank Vision Fund,Series C,65689000,2024-04-07,2024,4,Ecommerce/D2C,Series C,Delhi/NCR,Ecommerce/D2C,Ecommerce/D2C
NextStack,FoodTech,Food Delivery,Bengaluru,"Falcon Edge, Mirae Asset",Seed,201000,2021-12-08,2021,12,Foodtech,Seed/Angel,Bengaluru,Foodtech,Foodtech
NeoTech,Mobility,Micro Mobility,Noida,"Prosus Ventures, Y Combinator",Angel,20000,2022-07-14,2022,7,EV/Cleantech,Seed/Angel,Delhi/NCR,EV/Cleantech,EV/Cleantech
Byju's,EdTech,Coding Bootcamp,Mumbai,Elevation Capital,Seed,152000,2025-01-12,2025,1,Edtech,Seed/Angel,Mumbai,Edtech,Edtech
Dunzo,E-commerce,Marketplace,Hyderabad,"Lightspeed India, Nexus Venture Partners",Seed,788000,2020-10-30,2020,10,Ecommerce/D2C,Seed/Angel,Hyderabad,Ecommerce/D2C,Ecommerce/D2C
DataAnalytics,RealEstate,Rental Tech,Delhi,"Sequoia Capital India, Ventures India",Series A,3902000,2022-05-10,2022,5,Proptech,Series A,Delhi/NCR,Proptech,Proptech
FinFoods_744,Enterprise,Analytics,Noida,"Ribbit Capital, SoftBank Vision Fund",Series B,9519000,2022-04-23,2022,4,SaaS/Enterprise,Series B,Delhi/NCR,SaaS/Enterprise,SaaS/Enterprise
NeoSense,RealEstate,Rental Tech,Noida,"Elevation Capital, Nexus Venture Partners",Series D,396775000,2022-06-30,2022,6,Proptech,Late Stage,Delhi/NCR,Proptech,Proptech
BigBasket,HealthTech,Pharmacy,Gurugram,Bessemer Venture Partners,Series A,2828000,2025-06-11,2025,6,Healthtech,Series A,Delhi/NCR,Healthtech,Healthtech
Postman,HealthTech,Pharmacy,Hyderabad,"Kedaara Capital, Peak XV",Series A,4358000,2020-12-06,2020,12,Healthtech,Series A,Hyderabad,Healthtech,Healthtech
SmartTech,HealthTech,Diagnostics,Delhi,A91 Partners,Seed,1416000,2020-03-25,2020,3,Healthtech,Seed/Angel,Delhi/NCR,Healthtech,Healthtech
Dailyhunt,Logistics,Supply Chain,Delhi,Prosus Ventures,Seed,500000,2023-12-19,2023,12,Logistics,Seed/Angel,Delhi/NCR,Logistics,Logistics
FoodSolutions,Consumer Electronics,Smart Home,Delhi,Kalaari Capital,Series A,1372000,2020-09-05,2020,9,FoodTech,Series A,Delhi/NCR,FoodTech,Other
Chargebee,Retail,E-Retail,Kolkata,Tiger Global Management,Angel,84000,2020-11-15,2020,11,Ecommerce/D2C,Seed/Angel,Kolkata,Ecommerce/D2C,Ecommerce/D2C
ClearDekho,SaaS,HRTech,Kolkata,"Bessemer Venture Partners, Prosus Ventures",Angel,33000,2025-06-08,2025,6,SaaS/Enterprise,Seed/Angel,Kolkata,SaaS/Enterprise,SaaS/Enterprise
Ola,SaaS,B2B SaaS,Kolkata,"A91 Partners, Kalaari Capital, SoftBank Vision Fund",Angel,14000,2020-10-12,2020,10,SaaS/Enterprise,Seed/Angel,Kolkata,SaaS/Enterprise,SaaS/Enterprise
HomeAnalytics,E-commerce,D2C,Bengaluru,"Bessemer Venture Partners, Falcon Edge",Series A,1458000,2021-02-03,2021,2,Ecommerce/D2C,Series A,Bengaluru,Ecommerce/D2C,Ecommerce/D2C
QuantumSolutions,E-commerce,Grocery,Kolkata,Tiger Global Management,Series B,45193000,2025-05-15,2025,5,Ecommerce/D2C,Series B,Kolkata,Ecommerce/D2C,Ecommerce/D2C
DriveFit,SaaS,B2B SaaS,Pune,Y Combinator,Pre-Series A,417000,2024-01-06,2024,1,SaaS/Enterprise,Seed/Angel,Pune,SaaS/Enterprise,SaaS/Enterprise
HealthAnalytics,Logistics,Supply Chain,Noida,"Kalaari Capital, Ventures India",Seed,358000,2024-01-30,2024,1,Logistics,Seed/Angel,Delhi/NCR,Logistics,Logistics
Ola,Logistics,Last Mile,Chennai,Zodius Capital,Series B,59611000,2022-04-28,2022,4,Logistics,Series B,Chennai,Logistics,Logistics
Unacademy,HealthTech,Diagnostics,Hyderabad,"Tiger Global, Tiger Global Management",Series A,8462000,2024-11-11,2024,11,Healthtech,Series A,Hyderabad,Healthtech,Healthtech
UrbanSolutions,FoodTech,Grocery,Hyderabad,"Kedaara Capital, Ventures India",Pre-Series A,142000,2023-02-12,2023,2,Foodtech,Seed/Angel,Hyderabad,Foodtech,Foodtech
FinSense,Enterprise,Security,Hyderabad,Zodius Capital,Series A,2326000,2020-03-27,2020,3,SaaS/Enterprise,Series A,Hyderabad,SaaS/Enterprise,SaaS/Enterprise
Oyo,Consumer Electronics,Smart Home,Kolkata,Blume Ventures,Seed,125000,2024-06-08,2024,6,Other,Seed/Angel,Kolkata,Other,Other
Delhivery,RealEstate,Rental Tech,Kolkata,Kalaari Capital,Seed,778000,2023-09-25,2023,9,Proptech,Seed/Angel,Kolkata,Proptech,Proptech
NeoLabs,RealEstate,PropTech,Bengaluru,"Tiger Global, Tiger Global Management",Seed,57000,2021-07-21,2021,7,Proptech,Seed/Angel,Bengaluru,Proptech,Proptech
ShareChat,AgriTech,Smart Farming,Ahmedabad,"Prosus Ventures, Tiger Global Management, Zodius Capital",Series A,4680000,2021-06-12,2021,6,Agritech,Series A,Ahmedabad,Agritech,Agritech
NimbusWorks,AgriTech,Supply Chain,Hyderabad,SoftBank Vision Fund,Seed,833000,2020-04-29,2020,4,Agritech,Seed/Angel,Hyderabad,Agritech,Agritech
HyperSpace,FinTech,WealthTech,Pune,Tiger Global,Pre-Series A,753000,2025-02-10,2025,2,Fintech,Seed/Angel,Pune,Fintech,Fintech
Cars24,Mobility,Micro Mobility,Mumbai,"Accel, Blume Ventures, Ventures India",Series A,2525000,2024-04-18,2024,4,EV/Cleantech,Series A,Mumbai,EV/Cleantech,EV/Cleantech
AgriSense,Enterprise,Automation,Hyderabad,"Falcon Edge, Y Combinator",Seed,1034000,2023-11-30,2023,11,SaaS/Enterprise,Seed/Angel,Hyderabad,SaaS/Enterprise,SaaS/Enterprise
SmartCare_770,Mobility,EV,Pune,LCatterton,Series C,26986000,2022-04-23,2022,4,EV/Cleantech,Series C,Pune,EV/Cleantech,EV/Cleantech
BharatPe,E-commerce,Marketplace,Delhi,Bessemer Venture Partners,Series A,9897000,2024-08-30,2024,8,Ecommerce/D2C,Series A,Delhi/NCR,Ecommerce/D2C,Ecommerce/D2C
Porter,FoodTech,Food Delivery,Mumbai,Mirae Asset,Seed,80000,2020-09-25,2020,9,Foodtech,Seed/Angel,Mumbai,Foodtech,Foodtech
FreshTech,HealthTech,Health Analytics,Ahmedabad,Blume Ventures,Series A,2933000,2025-06-09,2025,6,Healthtech,Series A,Ahmedabad,Healthtech,Healthtech
Oyo,FinTech,Payments,Gurugram,Prosus Ventures,Seed,947000,2023-11-22,2023,11,Fintech,Seed/Angel,Delhi/NCR,Fintech,Fintech
BigBasket,HealthTech,Diagnostics,Delhi,"Accel, Sequoia Capital India, Ventures India",Debt,254000,2022-05-20,2022,5,Healthtech,Debt,Delhi/NCR,Healthtech,Healthtech
AgriHive,FinTech,Lending,Mumbai,"Mirae Asset, Omidyar Network",Pre-Seed,34000,2023-09-13,2023,9,Fintech,Seed/Angel,Mumbai,Fintech,Fintech
AutoStack_777,Logistics,Fleet Management,Bengaluru,LCatterton,Series C,141405000,2024-05-21,2024,5,Logistics,Series C,Bengaluru,Logistics,Logistics
CoreFlow,EdTech,K12,Pune,"Peak XV, Y Combinator",Pre-Seed,105000,2020-10-25,2020,10,Edtech,Seed/Angel,Pune,Edtech,Edtech
BharatPe,Enterprise,Automation,Ahmedabad,Accel,Seed,532000,2023-03-13,2023,3,SaaS/Enterprise,Seed/Angel,Ahmedabad,SaaS/Enterprise,SaaS/Enterprise
UrbanStack,Media,Social,Hyderabad,"Kedaara Capital, Sequoia Capital India",Seed,647000,2024-03-24,2024,3,Other,Seed/Angel,Hyderabad,Other,Other
Meesho,Mobility,Micro Mobility,Kolkata,Info Edge,Pre-Series A,349000,2023-04-22,2023,4,EV/Cleantech,Seed/Angel,Kolkata,EV/Cleantech,EV/Cleantech
AeroStack,SaaS,MarTech,Chennai,"Accel, Tiger Global Management",Seed,127000,2021-04-11,2021,4,SaaS/Enterprise,Seed/Angel,Chennai,SaaS/Enterprise,SaaS/Enterprise
NeoTech,Mobility,Ride Sharing,Kolkata,A91 Partners,Series C,51004000,2023-12-14,2023,12,EV/Cleantech,Series C,Kolkata,EV/Cleantech,EV/Cleantech
Razorpay,E-commerce,D2C,Kolkata,"Omidyar Network, SoftBank Vision Fund",Seed,98000,2021-08-03,2021,8,Ecommerce/D2C,Seed/Angel,Kolkata,Ecommerce/D2C,Ecommerce/D2C
Ola,EdTech,Coding Bootcamp,Hyderabad,IFC,Debt,28306000,2022-05-26,2022,5,Edtech,Debt,Hyderabad,Edtech,Edtech
FarmBox,SaaS,DevTools,Bengaluru,"Accel, Info Edge, Prosus Ventures",Debt,3755000,2022-10-03,2022,10,SaaS/Enterprise,Debt,Bengaluru,SaaS/Enterprise,SaaS/Enterprise
WorkFit,FoodTech,Food Delivery,Ahmedabad,Tiger Global,Bridge,219000,2024-02-27,2024,2,Foodtech,Undisclosed,Ahmedabad,Foodtech,Foodtech
BlueRise,AgriTech,Smart Farming,Mumbai,"Mirae Asset, Ventures India",Seed,275000,2022-05-19,2022,5,Agritech,Seed/Angel,Mumbai,Agritech,Agritech
SkillFlow,Retail,Fashion,Chennai,"Peak XV, Tiger Global Management",Pre-Series A,886000,2023-09-27,2023,9,Ecommerce/D2C,Seed/Angel,Chennai,Ecommerce/D2C,Ecommerce/D2C
QuantumSolutions,Consumer Electronics,Audio,Mumbai,Ribbit Capital,Seed,88000,2022-10-15,2022,10,Other,Seed/Angel,Mumbai,Other,Other
HyperSpace_791,Media,Social,Mumbai,Y Combinator,Series A,4892000,2020-02-24,2020,2,Other,Series A,Mumbai,Other,Other
NeoSense,AgriTech,Marketplace,Mumbai,"Bessemer Venture Partners, Ventures India",Series C,78705000,2023-09-15,2023,9,Agritech,Series C,Mumbai,Agritech,Agritech
CloudPay,Consumer Electronics,Wearables,Noida,"A91 Partners, Peak XV",Seed,477000,2021-12-04,2021,12,SaaS,Seed/Angel,Delhi/NCR,SaaS,Other
GreenMart,E-commerce,Fashion,Kolkata,"Info Edge, Sequoia Capital India",Seed,53000,2022-02-09,2022,2,Ecommerce/D2C,Seed/Angel,Kolkata,Ecommerce/D2C,Ecommerce/D2C
Oyo,Media,Social,Kolkata,"A91 Partners, Kalaari Capital, Ventures India",Series A,10610000,2021-10-01,2021,10,Other,Series A,Kolkata,Other,Other
NeoLabs,RealEstate,Rental Tech,Ahmedabad,Falcon Edge,Series A,12481000,2023-02-25,2023,2,Proptech,Series A,Ahmedabad,Proptech,Proptech
DriveFit,AgriTech,Smart Farming,Ahmedabad,SoftBank Vision Fund,Series B,23958000,2024-04-18,2024,4,Agritech,Series B,Ahmedabad,Agritech,Agritech
ClearTax,AgriTech,Supply Chain,Delhi,"Omidyar Network, Ribbit Capital, Ventures India",Series D,248669000,2021-12-15,2021,12,Agritech,Late Stage,Delhi/NCR,Agritech,Agritech
QuantumAnalytics,SaaS,HRTech,Chennai,Matrix Partners India,Pre-Series A,837000,2023-09-16,2023,9,SaaS/Enterprise,Seed/Angel,Chennai,SaaS/Enterprise,SaaS/Enterprise
FreshTech,Media,Social,Hyderabad,Falcon Edge,Seed,679000,2020-12-13,2020,12,Other,Seed/Angel,Hyderabad,Other,Other
GrowthConnect,Enterprise,Security,Ahmedabad,Sequoia Capital India,Series A,1511000,2022-05-12,2022,5,SaaS/Enterprise,Series A,Ahmedabad,SaaS/Enterprise,SaaS/Enterprise
CoreSpace,SaaS,MarTech,Ahmedabad,Zodius Capital,Pre-Series A,377000,2023-03-18,2023,3,SaaS/Enterprise,Seed/Angel,Ahmedabad,SaaS/Enterprise,SaaS/Enterprise
Practo,Media,Streaming,Gurugram,"Omidyar Network, SoftBank Vision Fund, Y Combinator",Seed,469000,2022-10-26,2022,10,Other,Seed/Angel,Delhi/NCR,Other,Other
DriveEdge,RealEstate,PropTech,Noida,Elevation Capital,Seed,239000,2021-06-27,2021,6,Proptech,Seed/Angel,Delhi/NCR,Proptech,Proptech
FoodFit,AgriTech,Marketplace,Mumbai,Omidyar Network,Series B,38525000,2023-03-30,2023,3,Agritech,Series B,Mumbai,Agritech,Agritech
SkillFlow_806,Retail,Fashion,Kolkata,Ribbit Capital,Pre-Series A,860000,2021-12-12,2021,12,Ecommerce/D2C,Seed/Angel,Kolkata,Ecommerce/D2C,Ecommerce/D2C
Oyo,Mobility,EV,Chennai,Kalaari Capital,Series B,65083000,2021-10-03,2021,10,EV/Cleantech,Series B,Chennai,EV/Cleantech,EV/Cleantech
AutoStack,Consumer Electronics,Smart Home,Noida,"A91 Partners, IFC, Kedaara Capital",Seed,264000,2020-02-08,2020,2,Other,Seed/Angel,Delhi/NCR,Other,Other
Meesho,RealEstate,Rental Tech,Kolkata,"IFC, Zodius Capital",Seed,76000,2023-07-30,2023,7,Proptech,Seed/Angel,Kolkata,Proptech,Proptech
DriveEdge,Media,Streaming,Bengaluru,Nexus Venture Partners,Series A,14397000,2022-01-16,2022,1,Other,Series A,Bengaluru,Other,Other
Delhivery,Enterprise,Security,Chennai,Ribbit Capital,Seed,1104000,2024-08-27,2024,8,SaaS/Enterprise,Seed/Angel,Chennai,SaaS/Enterprise,SaaS/Enterprise
Flipkart,Logistics,Supply Chain,Delhi,Kalaari Capital,Seed,79000,2023-05-16,2023,5,Logistics,Seed/Angel,Delhi/NCR,Logistics,Logistics
Porter,HealthTech,Diagnostics,Bengaluru,Mirae Asset,Seed,1494000,2024-08-21,2024,8,Healthtech,Seed/Angel,Bengaluru,Healthtech,Healthtech
DriveEdge,FinTech,Lending,Delhi,Bessemer Venture Partners,Seed,1238000,2020-02-29,2020,2,Fintech,Seed/Angel,Delhi/NCR,Fintech,Fintech
QuantumSolutions,HealthTech,Telemedicine,Kolkata,SoftBank Vision Fund,Series C,81514000,2020-04-23,2020,4,Healthtech,Series C,Kolkata,Healthtech,Healthtech
Delhivery,Enterprise,Analytics,Chennai,"Kalaari Capital, LCatterton, Zodius Capital",Angel,29000,2023-10-07,2023,10,SaaS/Enterprise,Seed/Angel,Chennai,SaaS/Enterprise,SaaS/Enterprise
FinSense,AgriTech,Marketplace,Noida,"Peak XV, Zodius Capital",Angel,17000,2022-12-04,2022,12,Agritech,Seed/Angel,Delhi/NCR,Agritech,Agritech
AutoStack,E-commerce,Marketplace,Ahmedabad,SoftBank Vision Fund,Seed,61000,2024-07-10,2024,7,Ecommerce/D2C,Seed/Angel,Ahmedabad,Ecommerce/D2C,Ecommerce/D2C
UrbanDrive,Media,Social,Chennai,Lightspeed India,Seed,172000,2020-08-06,2020,8,Other,Seed/Angel,Chennai,Other,Other
SkillSolutions,Logistics,Fleet Management,Bengaluru,"Info Edge, Peak XV, SoftBank Vision Fund",Series A,8795000,2022-02-06,2022,2,Logistics,Series A,Bengaluru,Logistics,Logistics
LogiMart,Retail,E-Retail,Pune,Sequoia Capital India,Series A,1013000,2022-01-23,2022,1,Ecommerce/D2C,Series A,Pune,Ecommerce/D2C,Ecommerce/D2C
GreenMart,RealEstate,PropTech,Gurugram,Ribbit Capital,Seed,171000,2022-02-26,2022,2,Proptech,Seed/Angel,Delhi/NCR,Proptech,Proptech
ShareChat,Retail,Fashion,Mumbai,"Kalaari Capital, LCatterton",Series A,2940000,2021-04-29,2021,4,Ecommerce/D2C,Series A,Mumbai,Ecommerce/D2C,Ecommerce/D2C
DriveFit,Logistics,Supply Chain,Mumbai,Elevation Capital,Angel,25000,2024-03-29,2024,3,Logistics,Seed/Angel,Mumbai,Logistics,Logistics
BharatPe,Consumer Electronics,Smart Home,Pune,"IFC, Kalaari Capital, Sequoia Capital India",Growth,566555000,2024-04-19,2024,4,Other,Late Stage,Pune,Other,Other
NeoLabs,FoodTech,Food Delivery,Chennai,Zodius Capital,Growth,124717000,2024-08-06,2024,8,Foodtech,Late Stage,Chennai,Foodtech,Foodtech
Swiggy,Mobility,Ride Sharing,Pune,"Info Edge, Ventures India",Pre-Series A,222000,2024-02-02,2024,2,EV/Cleantech,Seed/Angel,Pune,EV/Cleantech,EV/Cleantech
ClearTax,Retail,E-Retail,Delhi,"Kalaari Capital, Nexus Venture Partners, Ribbit Capital",Series B,38638000,2024-06-08,2024,6,Ecommerce/D2C,Series B,Delhi/NCR,Ecommerce/D2C,Ecommerce/D2C
HyperLabs,E-commerce,Marketplace,Gurugram,"IFC, Prosus Ventures, Ventures India",Series A,3403000,2025-06-08,2025,6,Ecommerce/D2C,Series A,Delhi/NCR,Ecommerce/D2C,Ecommerce/D2C
FoodLoop,Enterprise,Automation,Delhi,"Bessemer Venture Partners, Zodius Capital",Seed,114000,2023-11-08,2023,11,SaaS/Enterprise,Seed/Angel,Delhi/NCR,SaaS/Enterprise,SaaS/Enterprise
BlueRise,SaaS,DevTools,Chennai,"Lightspeed India, Peak XV",Growth,165015000,2025-04-18,2025,4,SaaS/Enterprise,Late Stage,Chennai,SaaS/Enterprise,SaaS/Enterprise
HomeFoods,Consumer Electronics,Audio,Hyderabad,Kalaari Capital,Series B,7389000,2020-12-11,2020,12,FoodTech,Series B,Hyderabad,FoodTech,Other
DriveLoop,HealthTech,Telemedicine,Pune,Sequoia Capital India,Seed,96000,2023-03-07,2023,3,Healthtech,Seed/Angel,Pune,Healthtech,Healthtech
DriveEdge,Consumer Electronics,Smart Home,Kolkata,Blume Ventures,Seed,314000,2024-01-01,2024,1,Other,Seed/Angel,Kolkata,Other,Other
NextStack,Consumer Electronics,Wearables,Delhi,"Lightspeed India, Zodius Capital",Series A,3110000,2021-02-27,2021,2,Other,Series A,Delhi/NCR,Other,Other
FinFoods,FoodTech,Cloud Kitchen,Bengaluru,Ribbit Capital,Seed,1461000,2021-06-20,2021,6,Foodtech,Seed/Angel,Bengaluru,Foodtech,Foodtech
LogiMart,RealEstate,Rental Tech,Kolkata,IFC,Seed,190000,2022-08-18,2022,8,Proptech,Seed/Angel,Kolkata,Proptech,Proptech
AutoMart,Media,Content,Chennai,Accel,Series B,25007000,2021-06-08,2021,6,Other,Series B,Chennai,Other,Other
HealthWorks_839,EdTech,Coding Bootcamp,Pune,"Omidyar Network, Tiger Global Management, Ventures India",Debt,5087000,2025-04-07,2025,4,Edtech,Debt,Pune,Edtech,Edtech
FarmFit_840,Mobility,Micro Mobility,Chennai,"A91 Partners, Tiger Global Management, Y Combinator",Seed,52000,2022-03-19,2022,3,EV/Cleantech,Seed/Angel,Chennai,EV/Cleantech,EV/Cleantech
EduTech,Mobility,EV,Pune,SoftBank Vision Fund,Growth,288051000,2020-09-27,2020,9,EV/Cleantech,Late Stage,Pune,EV/Cleantech,EV/Cleantech
Paytm,HealthTech,Pharmacy,Mumbai,Mirae Asset,Seed,96000,2025-06-27,2025,6,Healthtech,Seed/Angel,Mumbai,Healthtech,Healthtech
QuantumSolutions,FoodTech,Food Delivery,Hyderabad,Falcon Edge,Series A,13499000,2024-04-08,2024,4,Foodtech,Series A,Hyderabad,Foodtech,Foodtech
DriveEdge,SaaS,MarTech,Delhi,"Blume Ventures, Info Edge, Ribbit Capital",Series A,1496000,2025-03-05,2025,3,SaaS/Enterprise,Series A,Delhi/NCR,SaaS/Enterprise,SaaS/Enterprise
Udaan,EdTech,K12,Bengaluru,"LCatterton, Mirae Asset, Nexus Venture Partners",Series A,3074000,2020-11-30,2020,11,Edtech,Series A,Bengaluru,Edtech,Edtech
NimbusLabs_846,SaaS,MarTech,Kolkata,"Accel, IFC, Nexus Venture Partners",Series A,1260000,2024-09-28,2024,9,SaaS/Enterprise,Series A,Kolkata,SaaS/Enterprise,SaaS/Enterprise
HealthAnalytics,HealthTech,Pharmacy,Ahmedabad,Omidyar Network,Angel,99000,2023-04-14,2023,4,Healthtech,Seed/Angel,Ahmedabad,Healthtech,Healthtech
MediHive,AgriTech,Supply Chain,Chennai,"LCatterton, Prosus Ventures",Angel,23000,2021-05-19,2021,5,Agritech,Seed/Angel,Chennai,Agritech,Agritech
GrowthFlow,RealEstate,PropTech,Chennai,Zodius Capital,Pre-Series A,394000,2025-03-17,2025,3,Proptech,Seed/Angel,Chennai,Proptech,Proptech
HyperLoop_850,Consumer Electronics,Smart Home,Kolkata,Omidyar Network,Series A,1199000,2025-05-10,2025,5,Other,Series A,Kolkata,Other,Other
MediHive,FinTech,NeoBank,Kolkata,"Bessemer Venture Partners, LCatterton, Nexus Venture Partners",Seed,795000,2024-02-07,2024,2,Fintech,Seed/Angel,Kolkata,Fintech,Fintech
Postman,Retail,Fashion,Hyderabad,"Peak XV, Tiger Global, Y Combinator",Seed,108000,2020-04-23,2020,4,Ecommerce/D2C,Seed/Angel,Hyderabad,Ecommerce/D2C,Ecommerce/D2C
FoodFit,EdTech,Coding Bootcamp,Mumbai,Kalaari Capital,Pre-Seed,158000,2021-03-02,2021,3,Edtech,Seed/Angel,Mumbai,Edtech,Edtech
CoreConnect,Retail,Fashion,Delhi,"LCatterton, Ventures India",Seed,107000,2022-10-02,2022,10,Ecommerce/D2C,Seed/Angel,Delhi/NCR,Ecommerce/D2C,Ecommerce/D2C
LogiSense,E-commerce,D2C,Noida,"A91 Partners, Mirae Asset",Seed,101000,2022-07-01,2022,7,Ecommerce/D2C,Seed/Angel,Delhi/NCR,Ecommerce/D2C,Ecommerce/D2C
Innovaccer,E-commerce,Fashion,Pune,"Info Edge, SoftBank Vision Fund, Tiger Global",Series A,1104000,2022-06-08,2022,6,Ecommerce/D2C,Series A,Pune,Ecommerce/D2C,Ecommerce/D2C
SmartMart,RealEstate,Rental Tech,Delhi,"Accel, Mirae Asset, Ribbit Capital",Angel,21000,2022-12-15,2022,12,Proptech,Seed/Angel,Delhi/NCR,Proptech,Proptech
HealthRise,Consumer Electronics,Wearables,Delhi,Zodius Capital,Debt,3346000,2023-11-02,2023,11,Healthcare,Debt,Delhi/NCR,Healthcare,Other
DriveLoop,FinTech,NeoBank,Mumbai,Falcon Edge,Angel,6000,2022-11-17,2022,11,Fintech,Seed/Angel,Mumbai,Fintech,Fintech
Flipkart,E-commerce,Fashion,Ahmedabad,Omidyar Network,Series C,163351000,2021-12-28,2021,12,Ecommerce/D2C,Series C,Ahmedabad,Ecommerce/D2C,Ecommerce/D2C
AeroAnalytics_861,Media,Streaming,Kolkata,"Kalaari Capital, Tiger Global",Seed,266000,2021-01-08,2021,1,Other,Seed/Angel,Kolkata,Other,Other
Delhivery,SaaS,MarTech,Kolkata,Tiger Global Management,Series A,4137000,2021-06-26,2021,6,SaaS/Enterprise,Series A,Kolkata,SaaS/Enterprise,SaaS/Enterprise
DataEdge,E-commerce,Grocery,Hyderabad,"Falcon Edge, Sequoia Capital India",Growth,160008000,2020-08-05,2020,8,Ecommerce/D2C,Late Stage,Hyderabad,Ecommerce/D2C,Ecommerce/D2C
Porter,FinTech,Lending,Kolkata,"Mirae Asset, Omidyar Network, Tiger Global Management",Series A,2960000,2022-04-09,2022,4,Fintech,Series A,Kolkata,Fintech,Fintech
ShareChat,Media,Streaming,Chennai,Nexus Venture Partners,Series C,91037000,2020-06-28,2020,6,Other,Series C,Chennai,Other,Other
FinFoods,FinTech,Lending,Bengaluru,Ribbit Capital,Seed,89000,2023-08-21,2023,8,Fintech,Seed/Angel,Bengaluru,Fintech,Fintech
DriveEdge,Enterprise,Automation,Gurugram,"Kalaari Capital, Nexus Venture Partners",Seed,98000,2024-04-25,2024,4,SaaS/Enterprise,Seed/Angel,Delhi/NCR,SaaS/Enterprise,SaaS/Enterprise
Porter,HealthTech,Diagnostics,Kolkata,IFC,Bridge,1201000,2022-08-23,2022,8,Healthtech,Undisclosed,Kolkata,Healthtech,Healthtech
HomeMart,AgriTech,Smart Farming,Bengaluru,"IFC, Info Edge, Kalaari Capital",Seed,1639000,2020-07-29,2020,7,Agritech,Seed/Angel,Bengaluru,Agritech,Agritech
NimbusLabs,AgriTech,Marketplace,Noida,"Falcon Edge, Kalaari Capital",Debt,1018000,2020-03-16,2020,3,Agritech,Debt,Delhi/NCR,Agritech,Agritech
Myntra,EdTech,Test Prep,Noida,A91 Partners,Pre-Seed,37000,2023-03-26,2023,3,Edtech,Seed/Angel,Delhi/NCR,Edtech,Edtech
NextStack,FoodTech,Food Delivery,Mumbai,"Kedaara Capital, Sequoia Capital India, Y Combinator",Series A,5720000,2025-04-06,2025,4,Foodtech,Series A,Mumbai,Foodtech,Foodtech
SmartTech,Consumer Electronics,Wearables,Kolkata,"LCatterton, SoftBank Vision Fund",Seed,226000,2021-03-25,2021,3,Other,Seed/Angel,Kolkata,Other,Other
InMobi,HealthTech,Pharmacy,Chennai,"Mirae Asset, Ribbit Capital, Y Combinator",Bridge,55000,2024-09-02,2024,9,Healthtech,Undisclosed,Chennai,Healthtech,Healthtech
BharatPe,AgriTech,Supply Chain,Hyderabad,"Blume Ventures, Mirae Asset",Series B,7709000,2020-06-25,2020,6,Agritech,Series B,Hyderabad,Agritech,Agritech
NeoLabs,FoodTech,Food Delivery,Hyderabad,Tiger Global Management,Seed,701000,2023-02-14,2023,2,Foodtech,Seed/Angel,Hyderabad,Foodtech,Foodtech
Licious,Logistics,Supply Chain,Delhi,"Sequoia Capital India, Tiger Global",Seed,568000,2024-10-26,2024,10,Logistics,Seed/Angel,Delhi/NCR,Logistics,Logistics
Paytm,E-commerce,Grocery,Gurugram,"Matrix Partners India, SoftBank Vision Fund",Seed,55000,2021-04-03,2021,4,Ecommerce/D2C,Seed/Angel,Delhi/NCR,Ecommerce/D2C,Ecommerce/D2C
AgriFit,Retail,Fashion,Hyderabad,"Accel, IFC, Omidyar Network",Angel,10000,2024-10-13,2024,10,Ecommerce/D2C,Seed/Angel,Hyderabad,Ecommerce/D2C,Ecommerce/D2C
Postman,Consumer Electronics,Wearables,Mumbai,"IFC, Omidyar Network",Bridge,117000,2024-05-19,2024,5,Other,Undisclosed,Mumbai,Other,Other
Zomato,Enterprise,Automation,Bengaluru,"Lightspeed India, Nexus Venture Partners, Y Combinator",Series A,6169000,2020-12-08,2020,12,SaaS/Enterprise,Series A,Bengaluru,SaaS/Enterprise,SaaS/Enterprise
Cars24,Media,Content,Noida,Blume Ventures,Series A,1055000,2024-11-17,2024,11,Other,Series A,Delhi/NCR,Other,Other
Mobikwik,SaaS,DevTools,Mumbai,"Sequoia Capital India, Ventures India",Series D,63545000,2022-06-18,2022,6,SaaS/Enterprise,Late Stage,Mumbai,SaaS/Enterprise,SaaS/Enterprise
FarmBox,Mobility,Ride Sharing,Mumbai,"Prosus Ventures, Y Combinator",Seed,956000,2024-01-04,2024,1,EV/Cleantech,Seed/Angel,Mumbai,EV/Cleantech,EV/Cleantech
WorkPay,Mobility,EV,Gurugram,LCatterton,Seed,97000,2022-05-28,2022,5,EV/Cleantech,Seed/Angel,Delhi/NCR,EV/Cleantech,EV/Cleantech
ShareChat,FinTech,InsurTech,Delhi,"Accel, Peak XV",Series C,117144000,2024-01-09,2024,1,Fintech,Series C,Delhi/NCR,Fintech,Fintech
HyperLabs,Retail,E-Retail,Chennai,Prosus Ventures,Seed,120000,2024-04-03,2024,4,Ecommerce/D2C,Seed/Angel,Chennai,Ecommerce/D2C,Ecommerce/D2C
WorkPay,FinTech,NeoBank,Hyderabad,"IFC, Kedaara Capital",Pre-Series A,126000,2024-12-19,2024,12,Fintech,Seed/Angel,Hyderabad,Fintech,Fintech
HyperLabs,FinTech,WealthTech,Noida,"Kalaari Capital, LCatterton, Ribbit Capital",Series A,1932000,2020-10-27,2020,10,Fintech,Series A,Delhi/NCR,Fintech,Fintech
Ola,Media,Content,Chennai,Accel,Series C,141411000,2024-12-09,2024,12,Transportation,Series C,Chennai,Transportation,Other
WorkStack,Media,Streaming,Delhi,Lightspeed India,Series A,10148000,2023-01-12,2023,1,Other,Series A,Delhi/NCR,Other,Other
FreshTech,Retail,Fashion,Delhi,"Matrix Partners India, Omidyar Network",Pre-Seed,135000,2024-12-28,2024,12,Ecommerce/D2C,Seed/Angel,Delhi/NCR,Ecommerce/D2C,Ecommerce/D2C
Oyo,Media,Content,Noida,Matrix Partners India,Seed,216000,2020-05-02,2020,5,Other,Seed/Angel,Delhi/NCR,Other,Other
ClearDekho,SaaS,B2B SaaS,Bengaluru,Info Edge,Series C,122112000,2025-04-11,2025,4,SaaS/Enterprise,Series C,Bengaluru,SaaS/Enterprise,SaaS/Enterprise
MediHive,EdTech,K12,Pune,"A91 Partners, Nexus Venture Partners, Y Combinator",Seed,107000,2023-09-27,2023,9,Edtech,Seed/Angel,Pune,Edtech,Edtech
LogiMart,Mobility,Micro Mobility,Gurugram,"Accel, Kedaara Capital",Series C,44238000,2022-01-09,2022,1,EV/Cleantech,Series C,Delhi/NCR,EV/Cleantech,EV/Cleantech
Flipkart,E-commerce,Quick Commerce,Bengaluru,"Accel, Lightspeed India",Pre-Series A,788000,2020-09-23,2020,9,Ecommerce/D2C,Seed/Angel,Bengaluru,Ecommerce/D2C,Ecommerce/D2C
CoreConnect,Mobility,EV,Hyderabad,"Prosus Ventures, Tiger Global Management",Series A,1036000,2023-07-27,2023,7,EV/Cleantech,Series A,Hyderabad,EV/Cleantech,EV/Cleantech
NeoLabs,FoodTech,Cloud Kitchen,Delhi,"Falcon Edge, Info Edge, Tiger Global Management",Series A,1261000,2022-09-19,2022,9,Foodtech,Series A,Delhi/NCR,Foodtech,Foodtech
Housejoy,Media,Social,Kolkata,Peak XV,Series A,1756000,2024-03-08,2024,3,Other,Series A,Kolkata,Other,Other
Nykaa,E-commerce,Grocery,Chennai,"Elevation Capital, Falcon Edge",Seed,55000,2022-01-26,2022,1,Ecommerce/D2C,Seed/Angel,Chennai,Ecommerce/D2C,Ecommerce/D2C
Housejoy,SaaS,HRTech,Pune,Bessemer Venture Partners,Seed,98000,2022-09-22,2022,9,SaaS/Enterprise,Seed/Angel,Pune,SaaS/Enterprise,SaaS/Enterprise
SmartCare,FoodTech,Cloud Kitchen,Hyderabad,Zodius Capital,Private Equity,382861000,2021-03-17,2021,3,Foodtech,Late Stage,Hyderabad,Foodtech,Foodtech
NeoLabs_904,Mobility,EV,Mumbai,A91 Partners,Growth,152047000,2022-05-05,2022,5,EV/Cleantech,Late Stage,Mumbai,EV/Cleantech,EV/Cleantech
BlueSpace,Consumer Electronics,Smart Home,Ahmedabad,"Ribbit Capital, Ventures India",Seed,1346000,2020-10-10,2020,10,Other,Seed/Angel,Ahmedabad,Other,Other
EduMart,Media,Content,Mumbai,"Kalaari Capital, Matrix Partners India",Series C,182986000,2023-09-22,2023,9,Other,Series C,Mumbai,Other,Other
AutoMart,FinTech,InsurTech,Hyderabad,Kedaara Capital,Series B,12899000,2024-11-08,2024,11,Fintech,Series B,Hyderabad,Fintech,Fintech
FreshTech,E-commerce,Grocery,Mumbai,"A91 Partners, Tiger Global",Seed,130000,2023-06-21,2023,6,Ecommerce/D2C,Seed/Angel,Mumbai,Ecommerce/D2C,Ecommerce/D2C
FinFoods,Mobility,Ride Sharing,Mumbai,Tiger Global Management,Series B,14327000,2022-12-25,2022,12,EV/Cleantech,Series B,Mumbai,EV/Cleantech,EV/Cleantech
SkillSolutions,EdTech,Coding Bootcamp,Mumbai,Kalaari Capital,Series C,98917000,2023-05-27,2023,5,Edtech,Series C,Mumbai,Edtech,Edtech
FarmFit,FinTech,WealthTech,Chennai,"Matrix Partners India, SoftBank Vision Fund",Seed,134000,2020-02-19,2020,2,Fintech,Seed/Angel,Chennai,Fintech,Fintech
Porter,E-commerce,Grocery,Delhi,Ventures India,Seed,500000,2021-01-09,2021,1,Ecommerce/D2C,Seed/Angel,Delhi/NCR,Ecommerce/D2C,Ecommerce/D2C
HyperLoop,FoodTech,Grocery,Delhi,Blume Ventures,Seed,226000,2025-05-22,2025,5,Foodtech,Seed/Angel,Delhi/NCR,Foodtech,Foodtech
NimbusMart,E-commerce,D2C,Delhi,Y Combinator,Pre-Series A,356000,2021-10-25,2021,10,Ecommerce/D2C,Seed/Angel,Delhi/NCR,Ecommerce/D2C,Ecommerce/D2C
Housejoy,FinTech,Lending,Gurugram,Mirae Asset,Series C,65156000,2023-04-15,2023,4,Fintech,Series C,Delhi/NCR,Fintech,Fintech
ClearDekho,FoodTech,Cloud Kitchen,Hyderabad,"Kalaari Capital, Mirae Asset",Seed,148000,2022-08-09,2022,8,Foodtech,Seed/Angel,Hyderabad,Foodtech,Foodtech
Freshworks,RealEstate,PropTech,Bengaluru,"Matrix Partners India, Prosus Ventures",Seed,1654000,2025-05-27,2025,5,Proptech,Seed/Angel,Bengaluru,Proptech,Proptech
FreshSolutions,FoodTech,Food Delivery,Mumbai,Bessemer Venture Partners,Series D,290119000,2022-10-21,2022,10,Foodtech,Late Stage,Mumbai,Foodtech,Foodtech
SmartCare,HealthTech,Diagnostics,Noida,"Info Edge, Sequoia Capital India",Bridge,84000,2025-05-22,2025,5,Healthtech,Undisclosed,Delhi/NCR,Healthtech,Healthtech
SmartMart,AgriTech,Smart Farming,Delhi,"Elevation Capital, Matrix Partners India",Pre-Seed,148000,2025-03-26,2025,3,Agritech,Seed/Angel,Delhi/NCR,Agritech,Agritech
QuantumAnalytics,Enterprise,Automation,Gurugram,Tiger Global,Series A,3743000,2022-11-11,2022,11,SaaS/Enterprise,Series A,Delhi/NCR,SaaS/Enterprise,SaaS/Enterprise
CRED,Logistics,Last Mile,Chennai,Kedaara Capital,Series B,59720000,2024-08-27,2024,8,Logistics,Series B,Chennai,Logistics,Logistics
QuantumSolutions,EdTech,UpSkilling,Pune,"Info Edge, Matrix Partners India, Tiger Global Management",Series B,45929000,2025-06-29,2025,6,Edtech,Series B,Pune,Edtech,Edtech
DataHive,AgriTech,Smart Farming,Bengaluru,"LCatterton, Omidyar Network, Sequoia Capital India",Angel,18000,2020-09-30,2020,9,Agritech,Seed/Angel,Bengaluru,Agritech,Agritech
MediSpace,FoodTech,Grocery,Kolkata,Bessemer Venture Partners,Series C,21255000,2023-01-07,2023,1,Foodtech,Series C,Kolkata,Foodtech,Foodtech
Dunzo,Mobility,Ride Sharing,Kolkata,"Y Combinator, Zodius Capital",Series B,10531000,2021-12-23,2021,12,EV/Cleantech,Series B,Kolkata,EV/Cleantech,EV/Cleantech
EduTech,Retail,Fashion,Bengaluru,Info Edge,Seed,369000,2022-01-28,2022,1,Ecommerce/D2C,Seed/Angel,Bengaluru,Ecommerce/D2C,Ecommerce/D2C
HomeAnalytics,Retail,Grocery,Pune,"Ribbit Capital, Zodius Capital",Seed,517000,2024-07-29,2024,7,Ecommerce/D2C,Seed/Angel,Pune,Ecommerce/D2C,Ecommerce/D2C
HomeAnalytics,Consumer Electronics,Wearables,Bengaluru,"Kedaara Capital, Lightspeed India",Seed,129000,2025-01-26,2025,1,Other,Seed/Angel,Bengaluru,Other,Other
AutoMart,Logistics,Fleet Management,Noida,Prosus Ventures,Series A,1458000,2023-02-04,2023,2,Logistics,Series A,Delhi/NCR,Logistics,Logistics
NoBroker,E-commerce,Grocery,Delhi,Peak XV,Series B,50620000,2020-09-17,2020,9,Ecommerce/D2C,Series B,Delhi/NCR,Ecommerce/D2C,Ecommerce/D2C
HomeFoods,Media,Content,Gurugram,"Omidyar Network, Prosus Ventures",Series D,482361000,2020-02-17,2020,2,FoodTech,Late Stage,Delhi/NCR,FoodTech,Other
AutoFlow_933,FoodTech,Grocery,Bengaluru,"Kalaari Capital, Zodius Capital",Series D,167749000,2021-10-23,2021,10,Foodtech,Late Stage,Bengaluru,Foodtech,Foodtech
NeoTech,Consumer Electronics,Wearables,Pune,"Elevation Capital, Kalaari Capital, Lightspeed India",Series A,1592000,2020-03-30,2020,3,Other,Series A,Pune,Other,Other
EduMart,FoodTech,Cloud Kitchen,Pune,Tiger Global Management,Seed,137000,2023-03-17,2023,3,Foodtech,Seed/Angel,Pune,Foodtech,Foodtech
Zepto,Media,Content,Mumbai,SoftBank Vision Fund,Angel,5000,2021-02-07,2021,2,Other,Seed/Angel,Mumbai,Other,Other
Byju's,RealEstate,Rental Tech,Mumbai,Omidyar Network,Pre-Seed,164000,2022-06-03,2022,6,Proptech,Seed/Angel,Mumbai,Proptech,Proptech
WorkStack,EdTech,Test Prep,Kolkata,Zodius Capital,Seed,77000,2021-11-28,2021,11,Edtech,Seed/Angel,Kolkata,Edtech,Edtech
FinSpace,Retail,Fashion,Ahmedabad,"Info Edge, Nexus Venture Partners, Tiger Global Management",Series A,4765000,2020-07-14,2020,7,Ecommerce/D2C,Series A,Ahmedabad,Ecommerce/D2C,Ecommerce/D2C
GreenMart,Enterprise,Automation,Mumbai,"Omidyar Network, Tiger Global",Series C,42009000,2020-05-06,2020,5,SaaS/Enterprise,Series C,Mumbai,SaaS/Enterprise,SaaS/Enterprise
Paytm,E-commerce,Quick Commerce,Bengaluru,"Kalaari Capital, Ribbit Capital",Series A,4485000,2021-08-26,2021,8,Ecommerce/D2C,Series A,Bengaluru,Ecommerce/D2C,Ecommerce/D2C
Flipkart,EdTech,Test Prep,Kolkata,"IFC, Ribbit Capital",Pre-Series A,448000,2024-06-16,2024,6,Edtech,Seed/Angel,Kolkata,Edtech,Edtech
BlueSpace,RealEstate,PropTech,Kolkata,Accel,Series A,9459000,2023-04-18,2023,4,Proptech,Series A,Kolkata,Proptech,Proptech
UrbanStack,E-commerce,Grocery,Gurugram,"Falcon Edge, Mirae Asset, Y Combinator",Angel,9000,2020-09-15,2020,9,Ecommerce/D2C,Seed/Angel,Delhi/NCR,Ecommerce/D2C,Ecommerce/D2C
Ola,HealthTech,Diagnostics,Delhi,SoftBank Vision Fund,Series C,20605000,2020-05-03,2020,5,Healthtech,Series C,Delhi/NCR,Healthtech,Healthtech
DriveEdge,RealEstate,Home Services,Hyderabad,Nexus Venture Partners,Series A,1449000,2023-01-13,2023,1,Proptech,Series A,Hyderabad,Proptech,Proptech
FreshTech,Logistics,Supply Chain,Bengaluru,"Matrix Partners India, Nexus Venture Partners, Zodius Capital",Series A,11442000,2023-09-08,2023,9,Logistics,Series A,Bengaluru,Logistics,Logistics
Udaan,FoodTech,Food Delivery,Gurugram,Bessemer Venture Partners,Bridge,1256000,2023-08-04,2023,8,Foodtech,Undisclosed,Delhi/NCR,Foodtech,Foodtech
DataHive,Consumer Electronics,Smart Home,Kolkata,"A91 Partners, SoftBank Vision Fund",Series A,5042000,2021-11-09,2021,11,Other,Series A,Kolkata,Other,Other
Delhivery,FoodTech,Food Delivery,Delhi,Mirae Asset,Seed,458000,2024-11-29,2024,11,Foodtech,Seed/Angel,Delhi/NCR,Foodtech,Foodtech
Rapido,RealEstate,PropTech,Gurugram,Mirae Asset,Series A,6055000,2021-03-12,2021,3,Proptech,Series A,Delhi/NCR,Proptech,Proptech
FreshBox,FoodTech,Cloud Kitchen,Chennai,Sequoia Capital India,Seed,95000,2020-01-14,2020,1,Foodtech,Seed/Angel,Chennai,Foodtech,Foodtech
Licious,FinTech,NeoBank,Mumbai,Ribbit Capital,Seed,1459000,2022-06-20,2022,6,Fintech,Seed/Angel,Mumbai,Fintech,Fintech
ShareChat,FinTech,Payments,Gurugram,LCatterton,Seed,234000,2020-12-22,2020,12,Fintech,Seed/Angel,Delhi/NCR,Fintech,Fintech
NoBroker,SaaS,DevTools,Delhi,LCatterton,Seed,205000,2020-12-26,2020,12,SaaS/Enterprise,Seed/Angel,Delhi/NCR,SaaS/Enterprise,SaaS/Enterprise
DataAnalytics,HealthTech,Health Analytics,Mumbai,Info Edge,Seed,339000,2021-03-06,2021,3,Healthtech,Seed/Angel,Mumbai,Healthtech,Healthtech
Nykaa,Retail,Grocery,Delhi,IFC,Bridge,59000,2025-06-24,2025,6,Ecommerce/D2C,Undisclosed,Delhi/NCR,Ecommerce/D2C,Ecommerce/D2C
Byju's,E-commerce,Marketplace,Delhi,Y Combinator,Series C,31376000,2021-01-27,2021,1,Ecommerce/D2C,Series C,Delhi/NCR,Ecommerce/D2C,Ecommerce/D2C
DriveLoop,EdTech,Test Prep,Ahmedabad,"Elevation Capital, Nexus Venture Partners",Series A,7379000,2024-10-15,2024,10,Edtech,Series A,Ahmedabad,Edtech,Edtech
LogiMart_960,Retail,Grocery,Delhi,"LCatterton, Lightspeed India",Series D,60502000,2025-06-06,2025,6,Ecommerce/D2C,Late Stage,Delhi/NCR,Ecommerce/D2C,Ecommerce/D2C
HealthRise,Retail,Fashion,Ahmedabad,"Ribbit Capital, Ventures India",Seed,463000,2022-11-07,2022,11,Ecommerce/D2C,Seed/Angel,Ahmedabad,Ecommerce/D2C,Ecommerce/D2C
NimbusWorks,Consumer Electronics,Audio,Pune,"Mirae Asset, Peak XV",Series B,9872000,2022-12-12,2022,12,Other,Series B,Pune,Other,Other
FoodFit,Retail,Fashion,Bengaluru,Info Edge,Seed,210000,2025-01-06,2025,1,Ecommerce/D2C,Seed/Angel,Bengaluru,Ecommerce/D2C,Ecommerce/D2C
FinSpace,Logistics,Supply Chain,Chennai,Matrix Partners India,Series A,2185000,2025-03-30,2025,3,Logistics,Series A,Chennai,Logistics,Logistics
WorkFit,E-commerce,D2C,Kolkata,"Falcon Edge, Tiger Global",Series A,2620000,2021-04-16,2021,4,Ecommerce/D2C,Series A,Kolkata,Ecommerce/D2C,Ecommerce/D2C
BlueSpace,Consumer Electronics,Wearables,Chennai,Elevation Capital,Pre-Series A,524000,2022-10-15,2022,10,Other,Seed/Angel,Chennai,Other,Other
GrowthFlow,EdTech,UpSkilling,Mumbai,Zodius Capital,Pre-Series A,198000,2020-06-17,2020,6,Edtech,Seed/Angel,Mumbai,Edtech,Edtech
HealthRise,EdTech,Test Prep,Mumbai,Lightspeed India,Seed,404000,2020-03-19,2020,3,Edtech,Seed/Angel,Mumbai,Edtech,Edtech
FreshBox,Media,Streaming,Hyderabad,Tiger Global Management,Seed,289000,2023-05-22,2023,5,Other,Seed/Angel,Hyderabad,Other,Other
Swiggy,FinTech,WealthTech,Hyderabad,"Peak XV, Zodius Capital",Series C,120661000,2024-05-22,2024,5,Fintech,Series C,Hyderabad,Fintech,Fintech
UrbanStack,Mobility,Ride Sharing,Chennai,"Lightspeed India, Matrix Partners India, Omidyar Network",Seed,1584000,2024-01-21,2024,1,EV/Cleantech,Seed/Angel,Chennai,EV/Cleantech,EV/Cleantech
InMobi,Media,Content,Pune,Info Edge,Series C,145412000,2021-10-03,2021,10,Other,Series C,Pune,Other,Other
SkillRise,Consumer Electronics,Smart Home,Bengaluru,Elevation Capital,Pre-Series A,164000,2023-03-28,2023,3,Other,Seed/Angel,Bengaluru,Other,Other
MediSpace,RealEstate,Home Services,Pune,"Prosus Ventures, Ventures India",Seed,56000,2022-05-21,2022,5,Proptech,Seed/Angel,Pune,Proptech,Proptech
Delhivery,SaaS,B2B SaaS,Ahmedabad,Nexus Venture Partners,Series C,40689000,2025-03-03,2025,3,SaaS/Enterprise,Series C,Ahmedabad,SaaS/Enterprise,SaaS/Enterprise
FreshBox,Retail,Fashion,Ahmedabad,"Kalaari Capital, Lightspeed India",Series A,5010000,2022-03-11,2022,3,Ecommerce/D2C,Series A,Ahmedabad,Ecommerce/D2C,Ecommerce/D2C
AeroHub,E-commerce,D2C,Ahmedabad,Accel,Bridge,60000,2023-08-01,2023,8,Ecommerce/D2C,Undisclosed,Ahmedabad,Ecommerce/D2C,Ecommerce/D2C
Zomato,RealEstate,Rental Tech,Delhi,"Blume Ventures, Mirae Asset",Pre-Seed,63000,2023-11-12,2023,11,Proptech,Seed/Angel,Delhi/NCR,Proptech,Proptech
CRED,FoodTech,Food Delivery,Gurugram,Tiger Global,Seed,452000,2023-09-12,2023,9,Foodtech,Seed/Angel,Delhi/NCR,Foodtech,Foodtech
MediSpace,Enterprise,Security,Chennai,Falcon Edge,Seed,172000,2020-08-14,2020,8,SaaS/Enterprise,Seed/Angel,Chennai,SaaS/Enterprise,SaaS/Enterprise
GrowthCare,FoodTech,Cloud Kitchen,Delhi,"Prosus Ventures, Zodius Capital",Growth,382414000,2021-09-26,2021,9,Foodtech,Late Stage,Delhi/NCR,Foodtech,Foodtech
NextSense,Logistics,Fleet Management,Gurugram,"Elevation Capital, Sequoia Capital India",Series A,1335000,2023-11-03,2023,11,Logistics,Series A,Delhi/NCR,Logistics,Logistics
SmartCare,Enterprise,Security,Ahmedabad,LCatterton,Series C,24513000,2022-12-12,2022,12,SaaS/Enterprise,Series C,Ahmedabad,SaaS/Enterprise,SaaS/Enterprise
NeoLabs,AgriTech,Supply Chain,Mumbai,"Y Combinator, Zodius Capital",Seed,734000,2024-12-09,2024,12,Agritech,Seed/Angel,Mumbai,Agritech,Agritech
Delhivery,FoodTech,Grocery,Delhi,"Info Edge, Ventures India",Pre-Series A,313000,2021-01-02,2021,1,Foodtech,Seed/Angel,Delhi/NCR,Foodtech,Foodtech
BlueTech,E-commerce,Fashion,Bengaluru,Elevation Capital,Seed,634000,2024-11-17,2024,11,Ecommerce/D2C,Seed/Angel,Bengaluru,Ecommerce/D2C,Ecommerce/D2C
Cars24,RealEstate,PropTech,Gurugram,"Nexus Venture Partners, Y Combinator",Angel,18000,2022-04-22,2022,4,Proptech,Seed/Angel,Delhi/NCR,Proptech,Proptech
Zomato,Mobility,EV,Chennai,Falcon Edge,Series A,1949000,2021-06-01,2021,6,EV/Cleantech,Series A,Chennai,EV/Cleantech,EV/Cleantech
SmartMart_989,RealEstate,Rental Tech,Kolkata,"IFC, Kalaari Capital",Pre-Series A,659000,2024-03-07,2024,3,Proptech,Seed/Angel,Kolkata,Proptech,Proptech
MediSpace,Media,Social,Pune,"Accel, Info Edge",Series B,45874000,2022-08-08,2022,8,Other,Series B,Pune,Other,Other
HomeMart,Consumer Electronics,Audio,Kolkata,Blume Ventures,Series C,131237000,2024-09-19,2024,9,Other,Series C,Kolkata,Other,Other
PhonePe,AgriTech,Supply Chain,Delhi,"Accel, Kalaari Capital, Ventures India",Seed,136000,2022-12-30,2022,12,Agritech,Seed/Angel,Delhi/NCR,Agritech,Agritech
SkillFlow,SaaS,DevTools,Gurugram,"Falcon Edge, Info Edge, Tiger Global",Series B,25685000,2025-01-02,2025,1,SaaS/Enterprise,Series B,Delhi/NCR,SaaS/Enterprise,SaaS/Enterprise
Zomato,FoodTech,Grocery,Hyderabad,Tiger Global,Series A,2658000,2023-05-10,2023,5,Foodtech,Series A,Hyderabad,Foodtech,Foodtech
UrbanSolutions,EdTech,UpSkilling,Gurugram,Sequoia Capital India,Seed,70000,2020-02-02,2020,2,Edtech,Seed/Angel,Delhi/NCR,Edtech,Edtech
CloudLabs,E-commerce,Marketplace,Mumbai,"Blume Ventures, Kalaari Capital",Series C,239814000,2024-08-27,2024,8,Ecommerce/D2C,Series C,Mumbai,Ecommerce/D2C,Ecommerce/D2C
AeroStack,SaaS,DevTools,Ahmedabad,"Nexus Venture Partners, Peak XV",Seed,83000,2023-01-14,2023,1,SaaS/Enterprise,Seed/Angel,Ahmedabad,SaaS/Enterprise,SaaS/Enterprise
Meesho,E-commerce,D2C,Pune,"Info Edge, Kalaari Capital, SoftBank Vision Fund",Seed,1665000,2022-04-03,2022,4,Ecommerce/D2C,Seed/Angel,Pune,Ecommerce/D2C,Ecommerce/D2C
Byju's,RealEstate,Home Services,Ahmedabad,Kalaari Capital,Pre-Series A,279000,2020-05-17,2020,5,Proptech,Seed/Angel,Ahmedabad,Proptech,Proptech
Chargebee,E-commerce,Grocery,Ahmedabad,Omidyar Network,Seed,99000,2025-05-18,2025,5,Ecommerce/D2C,Seed/Angel,Ahmedabad,Ecommerce/D2C,Ecommerce/D2C
UrbanDrive,Retail,Fashion,Delhi,"IFC, Mirae Asset, SoftBank Vision Fund",Seed,369000,2023-07-25,2023,7,Ecommerce/D2C,Seed/Angel,Delhi/NCR,Ecommerce/D2C,Ecommerce/D2C
WorkStack_1002,AgriTech,Smart Farming,Chennai,Falcon Edge,Series A,10633000,2024-02-28,2024,2,Agritech,Series A,Chennai,Agritech,Agritech
UrbanStack,AgriTech,Supply Chain,Hyderabad,Ribbit Capital,Seed,745000,2022-05-27,2022,5,Agritech,Seed/Angel,Hyderabad,Agritech,Agritech
HealthWorks,Consumer Electronics,Wearables,Gurugram,"Omidyar Network, Peak XV, Sequoia Capital India",Seed,980000,2021-02-22,2021,2,Healthcare,Seed/Angel,Delhi/NCR,Healthcare,Other
Ola,Media,Content,Delhi,Falcon Edge,Seed,568000,2023-08-11,2023,8,Transportation,Seed/Angel,Delhi/NCR,Transportation,Other
SkillRise,Logistics,Last Mile,Gurugram,Matrix Partners India,Series D,246176000,2021-11-09,2021,11,Logistics,Late Stage,Delhi/NCR,Logistics,Logistics
Udaan,RealEstate,PropTech,Gurugram,"Info Edge, SoftBank Vision Fund",Series A,9971000,2022-02-20,2022,2,Proptech,Series A,Delhi/NCR,Proptech,Proptech
MediHive_1008,Consumer Electronics,Audio,Gurugram,Nexus Venture Partners,Seed,126000,2020-10-16,2020,10,Other,Seed/Angel,Delhi/NCR,Other,Other
NoBroker,AgriTech,Marketplace,Gurugram,"Kedaara Capital, SoftBank Vision Fund",Seed,304000,2020-06-09,2020,6,Agritech,Seed/Angel,Delhi/NCR,Agritech,Agritech
BlueRise,HealthTech,Diagnostics,Hyderabad,"IFC, Lightspeed India, Mirae Asset",Seed,113000,2022-07-07,2022,7,Healthtech,Seed/Angel,Hyderabad,Healthtech,Healthtech
ShareChat,FoodTech,Food Delivery,Delhi,"Info Edge, Omidyar Network",Series A,14507000,2022-05-15,2022,5,Foodtech,Series A,Delhi/NCR,Foodtech,Foodtech
HyperLoop,Retail,Grocery,Bengaluru,Ventures India,Series C,257828000,2022-05-25,2022,5,Ecommerce/D2C,Series C,Bengaluru,Ecommerce/D2C,Ecommerce/D2C
Delhivery,AgriTech,Marketplace,Delhi,Y Combinator,Series A,1113000,2020-12-25,2020,12,Agritech,Series A,Delhi/NCR,Agritech,Agritech
BigBasket,Consumer Electronics,Wearables,Chennai,SoftBank Vision Fund,Series A,6758000,2022-09-11,2022,9,Other,Series A,Chennai,Other,Other
CoreSpace,EdTech,Test Prep,Bengaluru,"Kalaari Capital, Y Combinator",Growth,574676000,2024-02-04,2024,2,Edtech,Late Stage,Bengaluru,Edtech,Edtech
AutoMart,SaaS,MarTech,Kolkata,Kalaari Capital,Seed,97000,2023-04-19,2023,4,SaaS/Enterprise,Seed/Angel,Kolkata,SaaS/Enterprise,SaaS/Enterprise
GrowthConnect,E-commerce,Fashion,Ahmedabad,"Bessemer Venture Partners, Peak XV",Seed,406000,2024-04-11,2024,4,Ecommerce/D2C,Seed/Angel,Ahmedabad,Ecommerce/D2C,Ecommerce/D2C
NextFlow,Consumer Electronics,Smart Home,Pune,"Peak XV, Ventures India",Series B,63289000,2023-08-26,2023,8,Other,Series B,Pune,Other,Other
HomeMart,Enterprise,Security,Bengaluru,Matrix Partners India,Series B,5493000,2023-08-14,2023,8,SaaS/Enterprise,Series B,Bengaluru,SaaS/Enterprise,SaaS/Enterprise
AutoFlow,HealthTech,Pharmacy,Gurugram,"Bessemer Venture Partners, Sequoia Capital India, Zodius Capital",Series A,6610000,2025-05-03,2025,5,Healthtech,Series A,Delhi/NCR,Healthtech,Healthtech
AeroHub,AgriTech,Supply Chain,Noida,"Blume Ventures, Info Edge",Angel,12000,2024-11-29,2024,11,Agritech,Seed/Angel,Delhi/NCR,Agritech,Agritech
Oyo,Mobility,Micro Mobility,Chennai,"Peak XV, Ventures India",Series A,12223000,2024-02-12,2024,2,EV/Cleantech,Series A,Chennai,EV/Cleantech,EV/Cleantech
Unacademy,E-commerce,Grocery,Pune,"Kedaara Capital, Lightspeed India, Ventures India",Series C,277385000,2021-07-04,2021,7,Ecommerce/D2C,Series C,Pune,Ecommerce/D2C,Ecommerce/D2C
MediHive,Enterprise,Security,Bengaluru,"Elevation Capital, Kalaari Capital",Seed,1628000,2024-05-03,2024,5,SaaS/Enterprise,Seed/Angel,Bengaluru,SaaS/Enterprise,SaaS/Enterprise
Paytm,HealthTech,Diagnostics,Pune,Mirae Asset,Seed,288000,2020-10-02,2020,10,Healthtech,Seed/Angel,Pune,Healthtech,Healthtech
AeroAnalytics,Consumer Electronics,Smart Home,Gurugram,"Blume Ventures, Matrix Partners India, Ventures India",Seed,1202000,2020-04-30,2020,4,Other,Seed/Angel,Delhi/NCR,Other,Other
Freshworks,Consumer Electronics,Smart Home,Ahmedabad,Accel,Seed,1127000,2023-07-27,2023,7,Other,Seed/Angel,Ahmedabad,Other,Other
WorkFit,Logistics,Last Mile,Pune,"Mirae Asset, Ventures India",Pre-Seed,42000,2021-04-25,2021,4,Logistics,Seed/Angel,Pune,Logistics,Logistics
MediSpace_1029,Retail,E-Retail,Ahmedabad,Lightspeed India,Series C,188760000,2020-03-26,2020,3,Ecommerce/D2C,Series C,Ahmedabad,Ecommerce/D2C,Ecommerce/D2C
MediHive,Mobility,EV,Kolkata,"Info Edge, Y Combinator",Series A,1105000,2021-11-21,2021,11,EV/Cleantech,Series A,Kolkata,EV/Cleantech,EV/Cleantech
DataHive,Enterprise,Analytics,Pune,"Tiger Global, Y Combinator",Series B,26119000,2022-02-14,2022,2,SaaS/Enterprise,Series B,Pune,SaaS/Enterprise,SaaS/Enterprise
FreshBox,FinTech,InsurTech,Chennai,Sequoia Capital India,Series B,9461000,2024-12-23,2024,12,Fintech,Series B,Chennai,Fintech,Fintech
NeoTech,Logistics,Fleet Management,Gurugram,"Kalaari Capital, Mirae Asset, Prosus Ventures",Pre-Series A,132000,2023-06-20,2023,6,Logistics,Seed/Angel,Delhi/NCR,Logistics,Logistics
FinFoods_1034,RealEstate,Home Services,Bengaluru,Tiger Global Management,Series B,6189000,2024-11-23,2024,11,Proptech,Series B,Bengaluru,Proptech,Proptech
NeoSense,EdTech,Coding Bootcamp,Chennai,Y Combinator,Series B,34466000,2024-06-14,2024,6,Edtech,Series B,Chennai,Edtech,Edtech
FarmBox,Enterprise,Automation,Mumbai,"Lightspeed India, Nexus Venture Partners",Series B,12830000,2021-08-24,2021,8,SaaS/Enterprise,Series B,Mumbai,SaaS/Enterprise,SaaS/Enterprise
ClearDekho,FinTech,Lending,Kolkata,"Mirae Asset, Tiger Global Management",Series C,142371000,2021-09-09,2021,9,Fintech,Series C,Kolkata,Fintech,Fintech
EduMart,Consumer Electronics,Smart Home,Noida,Ventures India,Seed,64000,2021-03-09,2021,3,Other,Seed/Angel,Delhi/NCR,Other,Other
Unacademy,E-commerce,Fashion,Bengaluru,LCatterton,Seed,160000,2025-03-17,2025,3,Ecommerce/D2C,Seed/Angel,Bengaluru,Ecommerce/D2C,Ecommerce/D2C
QuantumSolutions,Logistics,Fleet Management,Kolkata,Prosus Ventures,Bridge,366000,2023-10-05,2023,10,Logistics,Undisclosed,Kolkata,Logistics,Logistics
NeoLabs,Media,Content,Gurugram,"SoftBank Vision Fund, Tiger Global",Angel,53000,2024-04-18,2024,4,Transportation,Seed/Angel,Delhi/NCR,Transportation,Other
QuantumAnalytics,Retail,Fashion,Chennai,Nexus Venture Partners,Series C,47415000,2021-04-02,2021,4,Ecommerce/D2C,Series C,Chennai,Ecommerce/D2C,Ecommerce/D2C
Unacademy,E-commerce,Quick Commerce,Pune,Ventures India,Series B,28354000,2025-04-03,2025,4,Ecommerce/D2C,Series B,Pune,Ecommerce/D2C,Ecommerce/D2C
Porter,AgriTech,Smart Farming,Delhi,"A91 Partners, Sequoia Capital India",Series D,384546000,2025-05-07,2025,5,Agritech,Late Stage,Delhi/NCR,Agritech,Agritech
HealthWorks,EdTech,Coding Bootcamp,Chennai,"Nexus Venture Partners, Peak XV, Prosus Ventures",Seed,485000,2022-01-17,2022,1,Edtech,Seed/Angel,Chennai,Edtech,Edtech
HomeAnalytics,FinTech,NeoBank,Kolkata,Zodius Capital,Seed,118000,2024-07-29,2024,7,Fintech,Seed/Angel,Kolkata,Fintech,Fintech
Chargebee,RealEstate,Home Services,Delhi,"Bessemer Venture Partners, Kedaara Capital, Prosus Ventures",Series A,1068000,2020-10-25,2020,10,Proptech,Series A,Delhi/NCR,Proptech,Proptech
FoodLoop,Media,Social,Hyderabad,"Mirae Asset, Zodius Capital",Debt,22303000,2023-12-17,2023,12,FoodTech,Debt,Hyderabad,FoodTech,Other
NimbusLabs,FoodTech,Cloud Kitchen,Pune,IFC,Seed,54000,2024-01-07,2024,1,Foodtech,Seed/Angel,Pune,Foodtech,Foodtech
Zepto,Media,Streaming,Bengaluru,IFC,Angel,69000,2024-05-08,2024,5,Other,Seed/Angel,Bengaluru,Other,Other
DriveFit,Enterprise,Automation,Delhi,"Prosus Ventures, SoftBank Vision Fund",Debt,2677000,2023-01-27,2023,1,SaaS/Enterprise,Debt,Delhi/NCR,SaaS/Enterprise,SaaS/Enterprise
NextFlow,FoodTech,Cloud Kitchen,Noida,"A91 Partners, Kedaara Capital, LCatterton",Series B,67565000,2021-08-01,2021,8,Foodtech,Series B,Delhi/NCR,Foodtech,Foodtech
Wakefit,HealthTech,Pharmacy,Ahmedabad,"Elevation Capital, Omidyar Network, Prosus Ventures",Growth,411602000,2020-04-20,2020,4,Healthtech,Late Stage,Ahmedabad,Healthtech,Healthtech
Ola,Media,Content,Hyderabad,Bessemer Venture Partners,Angel,99000,2021-03-05,2021,3,Transportation,Seed/Angel,Hyderabad,Transportation,Other
BlueRise,FinTech,WealthTech,Ahmedabad,Y Combinator,Seed,182000,2024-05-27,2024,5,Fintech,Seed/Angel,Ahmedabad,Fintech,Fintech
DriveLoop,HealthTech,Telemedicine,Mumbai,Peak XV,Pre-Series A,585000,2022-08-28,2022,8,Healthtech,Seed/Angel,Mumbai,Healthtech,Healthtech
Housejoy,Mobility,Micro Mobility,Pune,Ribbit Capital,Series A,2970000,2025-06-09,2025,6,EV/Cleantech,Series A,Pune,EV/Cleantech,EV/Cleantech
CoreConnect,E-commerce,Marketplace,Chennai,"Peak XV, Ribbit Capital",Series A,3668000,2023-11-09,2023,11,Ecommerce/D2C,Series A,Chennai,Ecommerce/D2C,Ecommerce/D2C
UrbanSolutions,Retail,Fashion,Mumbai,"Info Edge, Ribbit Capital, Y Combinator",Series C,109404000,2024-11-06,2024,11,Ecommerce/D2C,Series C,Mumbai,Ecommerce/D2C,Ecommerce/D2C
MediSpace,E-commerce,Quick Commerce,Kolkata,"Lightspeed India, Omidyar Network",Series B,56361000,2025-02-03,2025,2,Ecommerce/D2C,Series B,Kolkata,Ecommerce/D2C,Ecommerce/D2C
GrowthCare,Media,Social,Ahmedabad,"Elevation Capital, Kedaara Capital, Nexus Venture Partners",Seed,1886000,2022-09-18,2022,9,Other,Seed/Angel,Ahmedabad,Other,Other
NeoSense_1062,Enterprise,Automation,Delhi,Kalaari Capital,Pre-Series A,587000,2023-12-06,2023,12,SaaS/Enterprise,Seed/Angel,Delhi/NCR,SaaS/Enterprise,SaaS/Enterprise
NeoLabs_1063,Enterprise,Automation,Noida,"Nexus Venture Partners, Tiger Global Management, Ventures India",Series B,15923000,2024-06-06,2024,6,SaaS/Enterprise,Series B,Delhi/NCR,SaaS/Enterprise,SaaS/Enterprise
Housejoy,HealthTech,Diagnostics,Bengaluru,Nexus Venture Partners,Series A,3130000,2024-06-27,2024,6,Healthtech,Series A,Bengaluru,Healthtech,Healthtech
FreshSolutions,RealEstate,PropTech,Mumbai,Accel,Series A,7370000,2024-10-09,2024,10,Proptech,Series A,Mumbai,Proptech,Proptech
NeoTech,SaaS,DevTools,Chennai,Matrix Partners India,Bridge,121000,2023-09-09,2023,9,SaaS/Enterprise,Undisclosed,Chennai,SaaS/Enterprise,SaaS/Enterprise
FarmFit,Mobility,EV,Noida,"Falcon Edge, Kedaara Capital",Series A,1349000,2023-03-27,2023,3,EV/Cleantech,Series A,Delhi/NCR,EV/Cleantech,EV/Cleantech
AgriFit,Mobility,Ride Sharing,Mumbai,Sequoia Capital India,Series B,13365000,2020-04-01,2020,4,EV/Cleantech,Series B,Mumbai,EV/Cleantech,EV/Cleantech
SmartCare,Enterprise,Analytics,Delhi,"Nexus Venture Partners, Y Combinator",Series A,2177000,2021-03-18,2021,3,SaaS/Enterprise,Series A,Delhi/NCR,SaaS/Enterprise,SaaS/Enterprise
Innovaccer,E-commerce,Grocery,Hyderabad,Kalaari Capital,Seed,149000,2023-08-23,2023,8,Ecommerce/D2C,Seed/Angel,Hyderabad,Ecommerce/D2C,Ecommerce/D2C
WorkFit,RealEstate,Home Services,Delhi,"Kedaara Capital, Tiger Global Management, Ventures India",Series A,1883000,2020-05-24,2020,5,Proptech,Series A,Delhi/NCR,Proptech,Proptech
CloudLabs,AgriTech,Marketplace,Noida,SoftBank Vision Fund,Series A,1121000,2022-05-09,2022,5,Agritech,Series A,Delhi/NCR,Agritech,Agritech
DriveEdge,AgriTech,Supply Chain,Mumbai,Prosus Ventures,Seed,53000,2022-12-24,2022,12,Agritech,Seed/Angel,Mumbai,Agritech,Agritech
Freshworks,E-commerce,D2C,Mumbai,Nexus Venture Partners,Pre-Series A,972000,2021-11-14,2021,11,Ecommerce/D2C,Seed/Angel,Mumbai,Ecommerce/D2C,Ecommerce/D2C
Zepto,Logistics,Last Mile,Mumbai,Y Combinator,Pre-Series A,268000,2025-06-07,2025,6,Logistics,Seed/Angel,Mumbai,Logistics,Logistics
Zomato,Retail,E-Retail,Delhi,Omidyar Network,Series A,2831000,2024-11-28,2024,11,Ecommerce/D2C,Series A,Delhi/NCR,Ecommerce/D2C,Ecommerce/D2C
NeoLabs,SaaS,HRTech,Noida,Blume Ventures,Seed,613000,2020-07-21,2020,7,SaaS/Enterprise,Seed/Angel,Delhi/NCR,SaaS/Enterprise,SaaS/Enterprise
UrbanDrive,Retail,Fashion,Noida,"Mirae Asset, Nexus Venture Partners",Series A,1806000,2024-12-11,2024,12,Ecommerce/D2C,Series A,Delhi/NCR,Ecommerce/D2C,Ecommerce/D2C
MediSpace,Media,Social,Delhi,"LCatterton, Matrix Partners India, Ribbit Capital",Seed,1663000,2023-03-08,2023,3,Other,Seed/Angel,Delhi/NCR,Other,Other
Nykaa,Media,Social,Ahmedabad,Info Edge,Pre-Series A,611000,2022-07-26,2022,7,E-Commerce,Seed/Angel,Ahmedabad,E-Commerce,Other
AgriFit,Mobility,EV,Hyderabad,"Elevation Capital, IFC, Zodius Capital",Bridge,70000,2022-12-02,2022,12,EV/Cleantech,Undisclosed,Hyderabad,EV/Cleantech,EV/Cleantech
Unacademy,Logistics,Supply Chain,Pune,Tiger Global,Series D,130783000,2023-07-23,2023,7,Logistics,Late Stage,Pune,Logistics,Logistics
MediWorks,HealthTech,Telemedicine,Mumbai,"Sequoia Capital India, Zodius Capital",Series B,57218000,2023-02-08,2023,2,Healthtech,Series B,Mumbai,Healthtech,Healthtech
Innovaccer,RealEstate,Rental Tech,Delhi,"Kedaara Capital, LCatterton, Tiger Global Management",Series A,12915000,2022-11-20,2022,11,Proptech,Series A,Delhi/NCR,Proptech,Proptech
CoreConnect_1085,EdTech,Test Prep,Chennai,Matrix Partners India,Series B,18272000,2024-03-15,2024,3,Edtech,Series B,Chennai,Edtech,Edtech
Razorpay,AgriTech,Smart Farming,Delhi,"Blume Ventures, LCatterton",Series B,27390000,2024-12-11,2024,12,Agritech,Series B,Delhi/NCR,Agritech,Agritech
Mobikwik,Enterprise,Analytics,Noida,"Blume Ventures, Mirae Asset",Pre-Series A,147000,2020-04-14,2020,4,SaaS/Enterprise,Seed/Angel,Delhi/NCR,SaaS/Enterprise,SaaS/Enterprise
FreshToHome,SaaS,DevTools,Noida,Elevation Capital,Series D,489935000,2024-10-22,2024,10,SaaS/Enterprise,Late Stage,Delhi/NCR,SaaS/Enterprise,SaaS/Enterprise
AgriHive,EdTech,Test Prep,Ahmedabad,Peak XV,Pre-Series A,170000,2025-03-05,2025,3,Edtech,Seed/Angel,Ahmedabad,Edtech,Edtech
GrowthConnect,AgriTech,Smart Farming,Bengaluru,"SoftBank Vision Fund, Y Combinator",Pre-Series A,876000,2023-06-14,2023,6,Agritech,Seed/Angel,Bengaluru,Agritech,Agritech
MediHive,Media,Social,Chennai,"Accel, Mirae Asset",Pre-Series A,446000,2020-07-26,2020,7,Other,Seed/Angel,Chennai,Other,Other
HyperLoop,Consumer Electronics,Audio,Delhi,Mirae Asset,Series C,103701000,2021-05-27,2021,5,Other,Series C,Delhi/NCR,Other,Other
NimbusWorks,FoodTech,Cloud Kitchen,Noida,"Info Edge, Prosus Ventures",Series C,80168000,2020-08-10,2020,8,Foodtech,Series C,Delhi/NCR,Foodtech,Foodtech
FinSense,FoodTech,Cloud Kitchen,Pune,Accel,Private Equity,170086000,2023-12-23,2023,12,Foodtech,Late Stage,Pune,Foodtech,Foodtech
HealthAnalytics_1095,FoodTech,Food Delivery,Pune,"Lightspeed India, Mirae Asset, Prosus Ventures",Angel,8000,2020-11-24,2020,11,Foodtech,Seed/Angel,Pune,Foodtech,Foodtech
NextStack,Consumer Electronics,Smart Home,Kolkata,SoftBank Vision Fund,Series C,36336000,2024-01-02,2024,1,Other,Series C,Kolkata,Other,Other
FoodFit,Media,Content,Delhi,Nexus Venture Partners,Seed,99000,2020-08-08,2020,8,FoodTech,Seed/Angel,Delhi/NCR,FoodTech,Other
FoodSolutions,Retail,Fashion,Gurugram,Info Edge,Seed,887000,2024-08-26,2024,8,Ecommerce/D2C,Seed/Angel,Delhi/NCR,Ecommerce/D2C,Ecommerce/D2C
MediSpace,Logistics,Supply Chain,Kolkata,Ribbit Capital,Seed,182000,2022-05-28,2022,5,Logistics,Seed/Angel,Kolkata,Logistics,Logistics
